case,repeat,mode,delaySeconds,kind,id,status,embeddingApplied,latencyMs,arrivalToResponseMs,sendLagMs
00-baseline,0,baseline,0.02,normal,0,200,,3.2635,4.3731,1.1096
00-baseline,0,baseline,0.02,normal,1,200,,3.3115,4.4585,1.147
00-baseline,0,baseline,0.02,normal,2,200,,4.0786,4.3574,0.2787
00-baseline,0,baseline,0.02,normal,3,200,,3.4294,4.6202,1.1908
00-baseline,0,baseline,0.02,normal,4,200,,4.0411,4.5876,0.5465
00-baseline,0,baseline,0.02,normal,5,200,,5.615,6.8227,1.2077
00-baseline,0,baseline,0.02,normal,6,200,,6.8752,7.5486,0.6735
00-baseline,0,baseline,0.02,normal,7,200,,3.5659,4.6695,1.1036
00-baseline,0,baseline,0.02,normal,8,200,,4.7155,5.9026,1.1871
00-baseline,0,baseline,0.02,normal,9,200,,4.6873,5.8282,1.141
00-baseline,0,baseline,0.02,normal,10,200,,5.9688,7.1227,1.1539
00-baseline,0,baseline,0.02,normal,11,200,,3.9095,5.0657,1.1562
00-baseline,0,baseline,0.02,normal,12,200,,4.332,5.6928,1.3609
00-baseline,0,baseline,0.02,normal,13,200,,4.7381,5.9833,1.2452
00-baseline,0,baseline,0.02,normal,14,200,,4.7171,5.7257,1.0086
00-baseline,0,baseline,0.02,normal,15,200,,3.9094,4.9901,1.0807
00-baseline,0,baseline,0.02,normal,16,200,,2.3434,3.5153,1.172
00-baseline,0,baseline,0.02,normal,17,200,,2.9573,3.4723,0.5151
00-baseline,0,baseline,0.02,normal,18,200,,3.8818,5.0258,1.144
00-baseline,0,baseline,0.02,normal,19,200,,3.3945,3.5598,0.1652
00-baseline,0,baseline,0.02,normal,20,200,,5.1804,5.7514,0.571
00-baseline,0,baseline,0.02,normal,21,200,,6.6096,7.8491,1.2395
00-baseline,0,baseline,0.02,normal,22,200,,3.8205,5.019,1.1986
00-baseline,0,baseline,0.02,normal,23,200,,4.1128,5.274,1.1612
00-baseline,0,baseline,0.02,normal,24,200,,4.4645,5.6243,1.1597
00-baseline,0,baseline,0.02,normal,25,200,,3.457,5.4254,1.9683
00-baseline,0,baseline,0.02,normal,26,200,,4.1687,6.5342,2.3655
00-baseline,0,baseline,0.02,normal,27,200,,5.057,6.5521,1.4951
00-baseline,0,baseline,0.02,normal,28,200,,3.9367,5.0671,1.1304
00-baseline,0,baseline,0.02,normal,29,200,,5.3186,6.4219,1.1033
00-baseline,0,baseline,0.02,normal,30,200,,4.3151,5.664,1.3489
00-baseline,0,baseline,0.02,normal,31,200,,4.9492,6.1952,1.246
00-baseline,0,baseline,0.02,normal,32,200,,4.6335,5.1484,0.5149
00-baseline,0,baseline,0.02,normal,33,200,,5.6825,6.8356,1.153
00-baseline,0,baseline,0.02,normal,34,200,,4.4802,5.3517,0.8715
00-baseline,0,baseline,0.02,normal,35,200,,5.4932,6.2365,0.7432
00-baseline,0,baseline,0.02,normal,36,200,,5.2948,6.5115,1.2167
00-baseline,0,baseline,0.02,normal,37,200,,7.4317,7.9562,0.5245
00-baseline,0,baseline,0.02,normal,38,200,,4.1542,5.2944,1.1402
00-baseline,0,baseline,0.02,normal,39,200,,3.5988,4.7271,1.1283
00-baseline,0,baseline,0.02,normal,40,200,,4.0893,4.569,0.4797
00-baseline,0,baseline,0.02,normal,41,200,,8.456,9.7217,1.2657
00-baseline,0,baseline,0.02,normal,42,200,,3.7309,4.3995,0.6686
00-baseline,0,baseline,0.02,normal,43,200,,5.0864,5.5882,0.5018
00-baseline,0,baseline,0.02,normal,44,200,,2.9035,3.2255,0.322
00-baseline,0,baseline,0.02,normal,45,200,,7.1995,8.4412,1.2417
00-baseline,0,baseline,0.02,normal,46,200,,5.8164,7.0451,1.2287
00-baseline,0,baseline,0.02,normal,47,200,,6.686,7.9147,1.2287
00-baseline,0,baseline,0.02,normal,48,200,,3.8066,4.053,0.2464
00-baseline,0,baseline,0.02,normal,49,200,,6.456,7.7116,1.2555
00-baseline,0,baseline,0.02,normal,50,200,,5.3815,6.5744,1.1928
00-baseline,0,baseline,0.02,normal,51,200,,8.0208,9.241,1.2202
00-baseline,0,baseline,0.02,normal,52,200,,6.5328,7.7573,1.2245
00-baseline,0,baseline,0.02,normal,53,200,,3.9194,4.3573,0.4379
00-baseline,0,baseline,0.02,normal,54,200,,6.1607,7.391,1.2302
00-baseline,0,baseline,0.02,normal,55,200,,6.9371,8.205,1.2679
00-baseline,0,baseline,0.02,normal,56,200,,8.318,8.9194,0.6014
00-baseline,0,baseline,0.02,normal,57,200,,2.5932,3.7269,1.1337
00-baseline,0,baseline,0.02,normal,58,200,,5.0711,5.5723,0.5012
00-baseline,0,baseline,0.02,normal,59,200,,6.7116,7.8956,1.184
00-baseline,0,baseline,0.02,normal,60,200,,7.3821,8.5936,1.2115
00-baseline,0,baseline,0.02,normal,61,200,,5.8242,6.8947,1.0705
00-baseline,0,baseline,0.02,normal,62,200,,4.3955,4.592,0.1965
00-baseline,0,baseline,0.02,normal,63,200,,3.6457,6.181,2.5353
00-baseline,0,baseline,0.02,normal,64,200,,6.8846,7.4902,0.6057
00-baseline,0,baseline,0.02,normal,65,200,,4.0693,5.1961,1.1268
00-baseline,0,baseline,0.02,normal,66,200,,7.8137,8.3852,0.5715
00-baseline,0,baseline,0.02,normal,67,200,,6.6178,7.8945,1.2767
00-baseline,0,baseline,0.02,normal,68,200,,8.3983,9.6142,1.2159
00-baseline,0,baseline,0.02,normal,69,200,,3.2063,4.2258,1.0195
00-baseline,0,baseline,0.02,normal,70,200,,5.121,5.7371,0.6161
00-baseline,0,baseline,0.02,normal,71,200,,4.2745,4.7652,0.4907
00-baseline,0,baseline,0.02,normal,72,200,,3.8867,5.081,1.1943
00-baseline,0,baseline,0.02,normal,73,200,,3.4761,4.149,0.6729
00-baseline,0,baseline,0.02,normal,74,200,,4.893,5.4202,0.5272
00-baseline,0,baseline,0.02,normal,75,200,,5.9742,7.3836,1.4095
00-baseline,0,baseline,0.02,normal,76,200,,7.0139,8.2322,1.2184
00-baseline,0,baseline,0.02,normal,77,200,,4.6275,6.8477,2.2202
00-baseline,0,baseline,0.02,normal,78,200,,3.9796,5.1072,1.1276
00-baseline,0,baseline,0.02,normal,79,200,,4.3618,5.5181,1.1564
00-baseline,0,baseline,0.02,normal,80,200,,5.9027,7.1509,1.2482
00-baseline,0,baseline,0.02,normal,81,200,,6.7083,7.9636,1.2553
00-baseline,0,baseline,0.02,normal,82,200,,4.1234,5.2466,1.1232
00-baseline,0,baseline,0.02,normal,83,200,,4.0417,5.1796,1.1379
00-baseline,0,baseline,0.02,normal,84,200,,7.3205,7.8528,0.5323
00-baseline,0,baseline,0.02,normal,85,200,,6.2351,7.459,1.2238
00-baseline,0,baseline,0.02,normal,86,200,,4.6246,5.7314,1.1068
00-baseline,0,baseline,0.02,normal,87,200,,6.8009,8.0285,1.2277
00-baseline,0,baseline,0.02,normal,88,200,,6.0793,7.2736,1.1942
00-baseline,0,baseline,0.02,normal,89,200,,5.4815,6.7485,1.267
00-baseline,0,baseline,0.02,normal,90,200,,3.4844,4.5844,1.1
00-baseline,0,baseline,0.02,normal,91,200,,4.5191,5.754,1.235
00-baseline,0,baseline,0.02,normal,92,200,,4.4487,5.8419,1.3931
00-baseline,0,baseline,0.02,normal,93,200,,6.495,7.2655,0.7705
00-baseline,0,baseline,0.02,normal,94,200,,3.2522,4.3746,1.1224
00-baseline,0,baseline,0.02,normal,95,200,,3.77,4.883,1.113
00-baseline,0,baseline,0.02,normal,96,200,,5.1448,5.5762,0.4315
00-baseline,0,baseline,0.02,normal,97,200,,6.3231,7.6067,1.2836
00-baseline,0,baseline,0.02,normal,98,200,,3.0144,3.0955,0.081
00-baseline,0,baseline,0.02,normal,99,200,,7.3934,8.6106,1.2172
01-sync-direct,0,sync-direct,0.02,normal,0,200,,5.9454,7.7797,1.8342
01-sync-direct,0,sync-direct,0.02,ai,0,200,True,32.0019,33.1485,1.1466
01-sync-direct,0,sync-direct,0.02,normal,1,200,,4.2171,5.3389,1.1218
01-sync-direct,0,sync-direct,0.02,normal,2,200,,6.4784,7.6742,1.1958
01-sync-direct,0,sync-direct,0.02,normal,3,200,,4.291,5.4422,1.1513
01-sync-direct,0,sync-direct,0.02,ai,1,200,True,29.6248,30.7637,1.1389
01-sync-direct,0,sync-direct,0.02,normal,4,200,,3.9343,5.043,1.1088
01-sync-direct,0,sync-direct,0.02,normal,5,200,,3.2568,5.0845,1.8276
01-sync-direct,0,sync-direct,0.02,ai,2,200,True,28.928,30.1001,1.172
01-sync-direct,0,sync-direct,0.02,normal,6,200,,3.6873,4.8008,1.1135
01-sync-direct,0,sync-direct,0.02,normal,7,200,,3.8077,4.9582,1.1505
01-sync-direct,0,sync-direct,0.02,normal,8,200,,3.1724,4.2777,1.1053
01-sync-direct,0,sync-direct,0.02,ai,3,200,True,28.6578,29.7693,1.1115
01-sync-direct,0,sync-direct,0.02,normal,9,200,,3.0627,4.183,1.1203
01-sync-direct,0,sync-direct,0.02,normal,10,200,,4.8712,6.1032,1.232
01-sync-direct,0,sync-direct,0.02,ai,4,200,True,29.5094,31.6204,2.111
01-sync-direct,0,sync-direct,0.02,normal,11,200,,3.0309,4.2237,1.1929
01-sync-direct,0,sync-direct,0.02,normal,12,200,,3.454,4.5961,1.1421
01-sync-direct,0,sync-direct,0.02,normal,13,200,,3.9501,5.2012,1.2511
01-sync-direct,0,sync-direct,0.02,ai,5,200,True,29.225,30.3548,1.1297
01-sync-direct,0,sync-direct,0.02,normal,14,200,,3.5388,4.6708,1.132
01-sync-direct,0,sync-direct,0.02,normal,15,200,,3.2604,4.9526,1.6922
01-sync-direct,0,sync-direct,0.02,ai,6,200,True,27.7179,28.8614,1.1435
01-sync-direct,0,sync-direct,0.02,normal,16,200,,3.8715,5.1113,1.2399
01-sync-direct,0,sync-direct,0.02,normal,17,200,,3.4595,4.5727,1.1132
01-sync-direct,0,sync-direct,0.02,ai,7,200,True,27.7955,28.5012,0.7057
01-sync-direct,0,sync-direct,0.02,normal,18,200,,2.8232,3.9332,1.11
01-sync-direct,0,sync-direct,0.02,normal,19,200,,3.0155,4.2165,1.201
01-sync-direct,0,sync-direct,0.02,normal,20,200,,6.2341,8.502,2.2679
01-sync-direct,0,sync-direct,0.02,ai,8,200,True,35.6871,36.4403,0.7532
01-sync-direct,0,sync-direct,0.02,normal,21,200,,4.1558,5.3527,1.197
01-sync-direct,0,sync-direct,0.02,normal,22,200,,3.9269,5.097,1.1701
01-sync-direct,0,sync-direct,0.02,normal,23,200,,3.2254,4.2975,1.0722
01-sync-direct,0,sync-direct,0.02,ai,9,200,True,29.269,30.4816,1.2127
01-sync-direct,0,sync-direct,0.02,normal,24,200,,5.8265,6.9988,1.1723
01-sync-direct,0,sync-direct,0.02,normal,25,200,,6.5484,7.8522,1.3038
01-sync-direct,0,sync-direct,0.02,ai,10,200,True,32.466,35.2307,2.7647
01-sync-direct,0,sync-direct,0.02,normal,26,200,,4.3755,5.5494,1.174
01-sync-direct,0,sync-direct,0.02,normal,27,200,,3.0182,3.8623,0.8441
01-sync-direct,0,sync-direct,0.02,ai,11,200,True,27.8984,29.0487,1.1503
01-sync-direct,0,sync-direct,0.02,normal,28,200,,3.3964,4.4733,1.077
01-sync-direct,0,sync-direct,0.02,normal,29,200,,7.1182,8.5594,1.4412
01-sync-direct,0,sync-direct,0.02,normal,30,200,,6.02,7.2269,1.2069
01-sync-direct,0,sync-direct,0.02,ai,12,200,True,31.4168,33.4367,2.0198
01-sync-direct,0,sync-direct,0.02,normal,31,200,,7.0706,8.2042,1.1336
01-sync-direct,0,sync-direct,0.02,normal,32,200,,4.7541,5.9057,1.1516
01-sync-direct,0,sync-direct,0.02,ai,13,200,True,27.7695,28.9737,1.2042
01-sync-direct,0,sync-direct,0.02,normal,33,200,,3.8789,4.1257,0.2468
01-sync-direct,0,sync-direct,0.02,normal,34,200,,4.2643,5.3958,1.1315
01-sync-direct,0,sync-direct,0.02,normal,35,200,,7.2833,8.4768,1.1935
01-sync-direct,0,sync-direct,0.02,ai,14,200,True,31.3208,33.6686,2.3478
01-sync-direct,0,sync-direct,0.02,normal,36,200,,3.4509,4.5755,1.1246
01-sync-direct,0,sync-direct,0.02,normal,37,200,,5.6673,6.8959,1.2285
01-sync-direct,0,sync-direct,0.02,normal,38,200,,3.9257,5.0735,1.1477
01-sync-direct,0,sync-direct,0.02,ai,15,200,True,29.7707,30.9094,1.1387
01-sync-direct,0,sync-direct,0.02,normal,39,200,,4.6827,5.9002,1.2175
01-sync-direct,0,sync-direct,0.02,normal,40,200,,4.0596,5.9374,1.8778
01-sync-direct,0,sync-direct,0.02,ai,16,200,True,30.2277,31.3855,1.1578
01-sync-direct,0,sync-direct,0.02,normal,41,200,,3.5667,4.7058,1.1391
01-sync-direct,0,sync-direct,0.02,normal,42,200,,3.6663,4.7797,1.1134
01-sync-direct,0,sync-direct,0.02,normal,43,200,,3.3893,4.4672,1.0778
01-sync-direct,0,sync-direct,0.02,ai,17,200,True,28.4824,29.6202,1.1377
01-sync-direct,0,sync-direct,0.02,normal,44,200,,3.5627,4.6685,1.1059
01-sync-direct,0,sync-direct,0.02,normal,45,200,,3.6782,6.3004,2.6222
01-sync-direct,0,sync-direct,0.02,ai,18,200,True,31.3256,32.6527,1.3271
01-sync-direct,0,sync-direct,0.02,normal,46,200,,5.124,6.2995,1.1755
01-sync-direct,0,sync-direct,0.02,normal,47,200,,5.6623,6.014,0.3517
01-sync-direct,0,sync-direct,0.02,normal,48,200,,3.9053,4.9983,1.093
01-sync-direct,0,sync-direct,0.02,ai,19,200,True,30.6552,31.8713,1.2161
01-sync-direct,0,sync-direct,0.02,normal,49,200,,4.8312,5.9481,1.1169
01-sync-direct,0,sync-direct,0.02,normal,50,200,,3.9951,6.2396,2.2445
01-sync-direct,0,sync-direct,0.02,ai,20,200,True,30.619,31.8612,1.2422
01-sync-direct,0,sync-direct,0.02,normal,51,200,,5.4001,6.6206,1.2205
01-sync-direct,0,sync-direct,0.02,normal,52,200,,1.8469,2.9192,1.0723
01-sync-direct,0,sync-direct,0.02,ai,21,200,True,27.242,28.0935,0.8515
01-sync-direct,0,sync-direct,0.02,normal,53,200,,2.4933,3.6002,1.1069
01-sync-direct,0,sync-direct,0.02,normal,54,200,,3.2982,4.3605,1.0623
01-sync-direct,0,sync-direct,0.02,normal,55,200,,5.6177,7.5494,1.9316
01-sync-direct,0,sync-direct,0.02,ai,22,200,True,33.3674,34.585,1.2176
01-sync-direct,0,sync-direct,0.02,normal,56,200,,2.4306,2.7073,0.2767
01-sync-direct,0,sync-direct,0.02,normal,57,200,,4.6124,5.7936,1.1812
01-sync-direct,0,sync-direct,0.02,normal,58,200,,2.595,3.7145,1.1195
01-sync-direct,0,sync-direct,0.02,ai,23,200,True,27.8016,28.9279,1.1263
01-sync-direct,0,sync-direct,0.02,normal,59,200,,3.3862,4.5344,1.1482
01-sync-direct,0,sync-direct,0.02,normal,60,200,,3.6355,4.567,0.9314
01-sync-direct,0,sync-direct,0.02,ai,24,200,True,30.0229,30.4891,0.4662
01-sync-direct,0,sync-direct,0.02,normal,61,200,,3.5316,4.6675,1.1359
01-sync-direct,0,sync-direct,0.02,normal,62,200,,6.3138,7.4687,1.1549
01-sync-direct,0,sync-direct,0.02,normal,63,200,,4.782,6.028,1.246
01-sync-direct,0,sync-direct,0.02,ai,25,200,True,30.6839,31.8006,1.1167
01-sync-direct,0,sync-direct,0.02,normal,64,200,,6.4334,7.5971,1.1637
01-sync-direct,0,sync-direct,0.02,normal,65,200,,6.9584,8.1289,1.1705
01-sync-direct,0,sync-direct,0.02,ai,26,200,True,31.6007,33.8942,2.2936
01-sync-direct,0,sync-direct,0.02,normal,66,200,,3.2758,4.3794,1.1036
01-sync-direct,0,sync-direct,0.02,normal,67,200,,6.646,7.8462,1.2002
01-sync-direct,0,sync-direct,0.02,normal,68,200,,4.4423,5.6668,1.2245
01-sync-direct,0,sync-direct,0.02,ai,27,200,True,30.2315,31.4379,1.2065
01-sync-direct,0,sync-direct,0.02,normal,69,200,,3.6059,4.866,1.2601
01-sync-direct,0,sync-direct,0.02,normal,70,200,,7.1161,9.5086,2.3925
01-sync-direct,0,sync-direct,0.02,ai,28,200,True,35.637,36.8917,1.2546
01-sync-direct,0,sync-direct,0.02,normal,71,200,,2.3349,3.4919,1.157
01-sync-direct,0,sync-direct,0.02,normal,72,200,,2.229,3.308,1.079
01-sync-direct,0,sync-direct,0.02,ai,29,200,True,25.5098,25.7295,0.2197
01-sync-direct,0,sync-direct,0.02,normal,73,200,,1.2404,1.6866,0.4462
01-sync-direct,0,sync-direct,0.02,normal,74,200,,2.0877,3.2149,1.1272
01-sync-direct,0,sync-direct,0.02,normal,75,200,,2.9004,4.0645,1.1641
01-sync-direct,0,sync-direct,0.02,ai,30,200,True,26.5,28.157,1.657
01-sync-direct,0,sync-direct,0.02,normal,76,200,,2.5544,3.6838,1.1295
01-sync-direct,0,sync-direct,0.02,normal,77,200,,3.1816,4.2787,1.0972
01-sync-direct,0,sync-direct,0.02,normal,78,200,,3.4021,4.5396,1.1375
01-sync-direct,0,sync-direct,0.02,ai,31,200,True,28.5535,29.6774,1.1239
01-sync-direct,0,sync-direct,0.02,normal,79,200,,3.782,4.8994,1.1175
01-sync-direct,0,sync-direct,0.02,normal,80,200,,4.6277,5.7608,1.1331
01-sync-direct,0,sync-direct,0.02,ai,32,200,True,29.4774,31.2855,1.808
01-sync-direct,0,sync-direct,0.02,normal,81,200,,2.6585,3.7386,1.0801
01-sync-direct,0,sync-direct,0.02,normal,82,200,,1.9811,3.1232,1.1422
01-sync-direct,0,sync-direct,0.02,ai,33,200,True,25.9096,27.019,1.1094
01-sync-direct,0,sync-direct,0.02,normal,83,200,,1.8424,2.9174,1.075
01-sync-direct,0,sync-direct,0.02,normal,84,200,,2.7684,3.8998,1.1315
01-sync-direct,0,sync-direct,0.02,normal,85,200,,2.8587,4.0079,1.1491
01-sync-direct,0,sync-direct,0.02,ai,34,200,True,26.6108,28.2308,1.62
01-sync-direct,0,sync-direct,0.02,normal,86,200,,2.5772,3.7159,1.1386
01-sync-direct,0,sync-direct,0.02,normal,87,200,,3.4552,4.5632,1.108
01-sync-direct,0,sync-direct,0.02,normal,88,200,,3.4492,4.5891,1.14
01-sync-direct,0,sync-direct,0.02,ai,35,200,True,28.9043,30.0275,1.1232
01-sync-direct,0,sync-direct,0.02,normal,89,200,,2.6607,2.7202,0.0596
01-sync-direct,0,sync-direct,0.02,normal,90,200,,4.6024,5.7179,1.1155
01-sync-direct,0,sync-direct,0.02,ai,36,200,True,28.0548,29.9764,1.9217
01-sync-direct,0,sync-direct,0.02,normal,91,200,,3.3117,4.4335,1.1218
01-sync-direct,0,sync-direct,0.02,normal,92,200,,5.1033,6.3282,1.2249
01-sync-direct,0,sync-direct,0.02,normal,93,200,,5.4637,7.5035,2.0397
01-sync-direct,0,sync-direct,0.02,ai,37,200,True,32.0471,33.2432,1.1961
01-sync-direct,0,sync-direct,0.02,normal,94,200,,5.2227,6.4224,1.1997
01-sync-direct,0,sync-direct,0.02,normal,95,200,,6.821,8.0308,1.2098
01-sync-direct,0,sync-direct,0.02,ai,38,200,True,33.2178,35.3938,2.176
01-sync-direct,0,sync-direct,0.02,normal,96,200,,3.749,4.9161,1.1671
01-sync-direct,0,sync-direct,0.02,normal,97,200,,4.0182,4.6174,0.5992
01-sync-direct,0,sync-direct,0.02,ai,39,200,True,26.4375,27.5317,1.0942
01-sync-direct,0,sync-direct,0.02,normal,98,200,,2.0005,3.0786,1.0781
01-sync-direct,0,sync-direct,0.02,normal,99,200,,3.577,4.6797,1.1027
02-sync-direct,1,sync-direct,3.0,normal,0,200,,5.4828,6.728,1.2452
02-sync-direct,1,sync-direct,3.0,normal,1,200,,4.7459,5.821,1.0751
02-sync-direct,1,sync-direct,3.0,normal,2,200,,6.3653,7.5613,1.196
02-sync-direct,1,sync-direct,3.0,normal,3,200,,3.7308,4.8562,1.1254
02-sync-direct,1,sync-direct,3.0,normal,4,200,,6.9408,8.1548,1.214
02-sync-direct,1,sync-direct,3.0,normal,5,200,,7.0282,9.4417,2.4135
02-sync-direct,1,sync-direct,3.0,normal,6,200,,6.9488,8.1476,1.1988
02-sync-direct,1,sync-direct,3.0,normal,7,200,,4.7058,5.862,1.1562
02-sync-direct,1,sync-direct,3.0,normal,8,200,,5.6131,6.758,1.1449
02-sync-direct,1,sync-direct,3.0,normal,9,200,,5.0158,6.236,1.2202
02-sync-direct,1,sync-direct,3.0,normal,10,200,,3.0595,5.7503,2.6908
02-sync-direct,1,sync-direct,3.0,normal,11,200,,4.0532,4.2348,0.1816
02-sync-direct,1,sync-direct,3.0,normal,12,200,,6.8029,6.9592,0.1563
02-sync-direct,1,sync-direct,3.0,normal,13,200,,3.5207,4.1822,0.6615
02-sync-direct,1,sync-direct,3.0,normal,14,200,,3.4711,4.1007,0.6295
02-sync-direct,1,sync-direct,3.0,normal,15,200,,2.6447,3.5732,0.9285
02-sync-direct,1,sync-direct,3.0,normal,16,200,,2.6018,3.6801,1.0784
02-sync-direct,1,sync-direct,3.0,normal,17,200,,6.4289,7.6139,1.185
02-sync-direct,1,sync-direct,3.0,ai,0,200,True,3013.2805,3013.9322,0.6517
02-sync-direct,1,sync-direct,3.0,normal,18,200,,2113.8918,2114.9865,1.0947
02-sync-direct,1,sync-direct,3.0,normal,19,200,,2065.8474,2066.3878,0.5404
02-sync-direct,1,sync-direct,3.0,ai,1,200,True,3010.0052,3011.096,1.0907
02-sync-direct,1,sync-direct,3.0,normal,20,200,,2132.5961,2137.0072,4.4111
02-sync-direct,1,sync-direct,3.0,normal,21,200,,2087.6077,2087.8545,0.2467
02-sync-direct,1,sync-direct,3.0,normal,22,200,,2037.5519,2038.7603,1.2084
02-sync-direct,1,sync-direct,3.0,ai,2,200,True,3013.4563,3014.6393,1.183
02-sync-direct,1,sync-direct,3.0,normal,23,200,,2114.602,2115.0696,0.4676
02-sync-direct,1,sync-direct,3.0,normal,24,200,,2064.7838,2065.9184,1.1346
02-sync-direct,1,sync-direct,3.0,ai,3,200,True,3013.8637,3014.1351,0.2715
02-sync-direct,1,sync-direct,3.0,normal,25,200,,2138.4232,2139.9676,1.5445
02-sync-direct,1,sync-direct,3.0,normal,26,200,,2089.6513,2090.7856,1.1344
02-sync-direct,1,sync-direct,3.0,normal,27,200,,2041.1508,2041.4184,0.2676
02-sync-direct,1,sync-direct,3.0,ai,4,200,True,3011.7172,3012.845,1.1278
02-sync-direct,1,sync-direct,3.0,normal,28,200,,2113.0032,2113.7125,0.7094
02-sync-direct,1,sync-direct,3.0,normal,29,200,,2063.7345,2064.9168,1.1824
02-sync-direct,1,sync-direct,3.0,ai,5,200,True,3013.2889,3014.4663,1.1775
02-sync-direct,1,sync-direct,3.0,normal,30,200,,2136.8801,2140.513,3.6329
02-sync-direct,1,sync-direct,3.0,normal,31,200,,2090.1015,2091.2988,1.1973
02-sync-direct,1,sync-direct,3.0,normal,32,200,,2040.9669,2042.2024,1.2355
02-sync-direct,1,sync-direct,3.0,ai,6,200,True,3008.931,3009.3951,0.464
02-sync-direct,1,sync-direct,3.0,normal,33,200,,2108.9425,2110.0312,1.0887
02-sync-direct,1,sync-direct,3.0,normal,34,200,,2060.1839,2061.2908,1.1068
02-sync-direct,1,sync-direct,3.0,ai,7,200,True,3008.8192,3009.9267,1.1075
02-sync-direct,1,sync-direct,3.0,normal,35,200,,2133.7587,2137.1327,3.374
02-sync-direct,1,sync-direct,3.0,normal,36,200,,2087.6475,2087.8155,0.1681
02-sync-direct,1,sync-direct,3.0,normal,37,200,,2037.3974,2038.5456,1.1482
02-sync-direct,1,sync-direct,3.0,ai,8,200,True,5020.5423,5021.7907,1.2484
02-sync-direct,1,sync-direct,3.0,normal,38,200,,4121.4837,4122.6285,1.1448
02-sync-direct,1,sync-direct,3.0,normal,39,200,,4072.1045,4073.3241,1.2195
02-sync-direct,1,sync-direct,3.0,ai,9,200,True,5017.1137,5017.3293,0.2156
02-sync-direct,1,sync-direct,3.0,normal,40,200,,4140.8996,4142.9372,2.0376
02-sync-direct,1,sync-direct,3.0,normal,41,200,,4092.1536,4093.455,1.3014
02-sync-direct,1,sync-direct,3.0,normal,42,200,,4042.7516,4043.9262,1.1746
02-sync-direct,1,sync-direct,3.0,ai,10,200,True,5021.0828,5022.1957,1.1128
02-sync-direct,1,sync-direct,3.0,normal,43,200,,4122.1227,4123.3149,1.1922
02-sync-direct,1,sync-direct,3.0,normal,44,200,,4073.4508,4074.4031,0.9523
02-sync-direct,1,sync-direct,3.0,ai,11,200,True,5022.9929,5024.0854,1.0925
02-sync-direct,1,sync-direct,3.0,normal,45,200,,4146.0923,4150.2771,4.1847
02-sync-direct,1,sync-direct,3.0,normal,46,200,,4100.9229,4102.1336,1.2107
02-sync-direct,1,sync-direct,3.0,normal,47,200,,4052.8484,4054.048,1.1997
02-sync-direct,1,sync-direct,3.0,ai,12,200,True,5018.9245,5020.1797,1.2551
02-sync-direct,1,sync-direct,3.0,normal,48,200,,4120.4027,4121.333,0.9303
02-sync-direct,1,sync-direct,3.0,normal,49,200,,4071.3355,4072.4428,1.1073
02-sync-direct,1,sync-direct,3.0,ai,13,200,True,5022.8914,5024.0852,1.1938
02-sync-direct,1,sync-direct,3.0,normal,50,200,,4148.3756,4150.4325,2.0568
02-sync-direct,1,sync-direct,3.0,normal,51,200,,4101.803,4102.9737,1.1707
02-sync-direct,1,sync-direct,3.0,normal,52,200,,4053.0283,4054.1677,1.1394
02-sync-direct,1,sync-direct,3.0,ai,14,200,True,5015.5655,5016.7567,1.1911
02-sync-direct,1,sync-direct,3.0,normal,53,200,,4116.6569,4117.7883,1.1314
02-sync-direct,1,sync-direct,3.0,normal,54,200,,4068.5033,4069.6164,1.113
02-sync-direct,1,sync-direct,3.0,ai,15,200,True,5017.2514,5018.4219,1.1705
02-sync-direct,1,sync-direct,3.0,normal,55,200,,4143.8877,4145.8024,1.9147
02-sync-direct,1,sync-direct,3.0,normal,56,200,,4096.6327,4097.8105,1.1778
02-sync-direct,1,sync-direct,3.0,normal,57,200,,4047.4079,4048.5713,1.1634
02-sync-direct,1,sync-direct,3.0,ai,16,200,True,7032.2051,7033.4652,1.2601
02-sync-direct,1,sync-direct,3.0,normal,58,200,,6133.94,6134.9259,0.9859
02-sync-direct,1,sync-direct,3.0,normal,59,200,,6085.5409,6086.6896,1.1487
02-sync-direct,1,sync-direct,3.0,ai,17,200,True,7025.3587,7025.5652,0.2065
02-sync-direct,1,sync-direct,3.0,normal,60,200,,6150.5504,6152.9273,2.3769
02-sync-direct,1,sync-direct,3.0,normal,61,200,,6103.5836,6104.6935,1.1099
02-sync-direct,1,sync-direct,3.0,normal,62,200,,6055.1078,6055.5681,0.4603
02-sync-direct,1,sync-direct,3.0,ai,18,200,True,7028.5744,7029.7713,1.1969
02-sync-direct,1,sync-direct,3.0,normal,63,200,,6130.8228,6131.9396,1.1168
02-sync-direct,1,sync-direct,3.0,normal,64,200,,6081.9326,6083.0324,1.0998
02-sync-direct,1,sync-direct,3.0,ai,19,200,True,7032.6359,7033.908,1.2721
02-sync-direct,1,sync-direct,3.0,normal,65,200,,6159.567,6161.0593,1.4922
02-sync-direct,1,sync-direct,3.0,normal,66,200,,6111.6403,6112.8038,1.1635
02-sync-direct,1,sync-direct,3.0,normal,67,200,,6062.8703,6063.9442,1.0739
02-sync-direct,1,sync-direct,3.0,ai,20,200,True,7027.7748,7028.9323,1.1575
02-sync-direct,1,sync-direct,3.0,normal,68,200,,6129.4997,6130.5784,1.0787
02-sync-direct,1,sync-direct,3.0,normal,69,200,,6081.6932,6082.6751,0.982
02-sync-direct,1,sync-direct,3.0,normal,70,200,,6032.785,6033.9128,1.1278
02-sync-direct,1,sync-direct,3.0,ai,21,200,True,7031.2667,7032.3715,1.1049
02-sync-direct,1,sync-direct,3.0,normal,71,200,,6108.6671,6109.7654,1.0983
02-sync-direct,1,sync-direct,3.0,normal,72,200,,6060.332,6060.6412,0.3092
02-sync-direct,1,sync-direct,3.0,ai,22,200,True,7025.0332,7026.1886,1.1554
02-sync-direct,1,sync-direct,3.0,normal,73,200,,6129.1865,6129.4689,0.2824
02-sync-direct,1,sync-direct,3.0,normal,74,200,,6079.65,6080.78,1.13
02-sync-direct,1,sync-direct,3.0,normal,75,200,,6031.3943,6032.546,1.1517
02-sync-direct,1,sync-direct,3.0,ai,23,200,True,7024.7215,7025.9445,1.223
02-sync-direct,1,sync-direct,3.0,normal,76,200,,6102.2882,6103.5278,1.2395
02-sync-direct,1,sync-direct,3.0,normal,77,200,,6054.9323,6055.4177,0.4854
02-sync-direct,1,sync-direct,3.0,normal,79,200,,8096.2328,8097.3572,1.1244
02-sync-direct,1,sync-direct,3.0,ai,24,200,True,9046.5415,9047.6303,1.0887
02-sync-direct,1,sync-direct,3.0,normal,78,200,,8147.8118,8148.2458,0.434
02-sync-direct,1,sync-direct,3.0,ai,25,200,True,9032.9361,9034.06,1.1238
02-sync-direct,1,sync-direct,3.0,normal,80,200,,8159.9666,8162.3927,2.4262
02-sync-direct,1,sync-direct,3.0,normal,81,200,,8111.9737,8113.2271,1.2535
02-sync-direct,1,sync-direct,3.0,normal,82,200,,8063.4801,8064.6136,1.1335
02-sync-direct,1,sync-direct,3.0,ai,26,200,True,9036.4758,9037.5569,1.081
02-sync-direct,1,sync-direct,3.0,normal,83,200,,8138.662,8139.8191,1.1571
02-sync-direct,1,sync-direct,3.0,normal,84,200,,8089.4027,8090.5801,1.1774
02-sync-direct,1,sync-direct,3.0,ai,27,200,True,9041.2717,9042.3979,1.1262
02-sync-direct,1,sync-direct,3.0,normal,85,200,,8168.4733,8170.5895,2.1162
02-sync-direct,1,sync-direct,3.0,normal,86,200,,8121.4498,8122.6599,1.2101
02-sync-direct,1,sync-direct,3.0,normal,87,200,,8072.9193,8074.0439,1.1246
02-sync-direct,1,sync-direct,3.0,ai,28,200,True,9036.131,9038.248,2.1169
02-sync-direct,1,sync-direct,3.0,normal,88,200,,8139.3699,8140.5339,1.164
02-sync-direct,1,sync-direct,3.0,normal,89,200,,8092.0114,8092.2316,0.2203
02-sync-direct,1,sync-direct,3.0,normal,90,200,,8043.3224,8044.4327,1.1103
02-sync-direct,1,sync-direct,3.0,ai,29,200,True,9039.6672,9040.8255,1.1583
02-sync-direct,1,sync-direct,3.0,normal,91,200,,8117.4752,8118.5916,1.1163
02-sync-direct,1,sync-direct,3.0,normal,92,200,,8069.2239,8070.378,1.1541
02-sync-direct,1,sync-direct,3.0,ai,30,200,True,9034.5113,9037.1812,2.6699
02-sync-direct,1,sync-direct,3.0,normal,93,200,,8140.9409,8141.6365,0.6955
02-sync-direct,1,sync-direct,3.0,normal,94,200,,8092.0857,8093.182,1.0963
02-sync-direct,1,sync-direct,3.0,normal,95,200,,8044.0447,8045.2108,1.1661
02-sync-direct,1,sync-direct,3.0,ai,31,200,True,9030.289,9031.3889,1.0998
02-sync-direct,1,sync-direct,3.0,normal,96,200,,8106.6509,8107.8105,1.1596
02-sync-direct,1,sync-direct,3.0,normal,97,200,,8058.2265,8059.0942,0.8677
02-sync-direct,1,sync-direct,3.0,normal,99,200,,10099.8139,10100.9761,1.1623
02-sync-direct,1,sync-direct,3.0,ai,32,200,True,11050.0415,11051.178,1.1365
02-sync-direct,1,sync-direct,3.0,normal,98,200,,10150.7849,10151.8576,1.0727
02-sync-direct,1,sync-direct,3.0,ai,33,200,True,11039.4364,11040.5888,1.1524
02-sync-direct,1,sync-direct,3.0,ai,34,200,True,11046.0193,11046.8389,0.8196
02-sync-direct,1,sync-direct,3.0,ai,35,200,True,11052.1686,11052.8075,0.6388
02-sync-direct,1,sync-direct,3.0,ai,36,200,True,11044.6489,11046.2457,1.5968
02-sync-direct,1,sync-direct,3.0,ai,37,200,True,11049.824,11050.923,1.099
02-sync-direct,1,sync-direct,3.0,ai,38,200,True,11042.3423,11044.949,2.6067
02-sync-direct,1,sync-direct,3.0,ai,39,200,True,11036.0475,11037.1673,1.1198
03-sync-remote-wide,1,sync-remote-wide,3.0,normal,0,200,,4.5684,6.4815,1.9132
03-sync-remote-wide,1,sync-remote-wide,3.0,normal,1,200,,3.5008,4.6524,1.1516
03-sync-remote-wide,1,sync-remote-wide,3.0,normal,2,200,,4.8935,6.1562,1.2627
03-sync-remote-wide,1,sync-remote-wide,3.0,normal,3,200,,3.1627,4.2978,1.1351
03-sync-remote-wide,1,sync-remote-wide,3.0,normal,4,200,,3.2018,4.3532,1.1514
03-sync-remote-wide,1,sync-remote-wide,3.0,normal,5,200,,5.2255,7.9107,2.6853
03-sync-remote-wide,1,sync-remote-wide,3.0,normal,6,200,,4.5854,5.7604,1.175
03-sync-remote-wide,1,sync-remote-wide,3.0,normal,7,200,,3.4653,4.6636,1.1983
03-sync-remote-wide,1,sync-remote-wide,3.0,normal,8,200,,3.497,4.6432,1.1462
03-sync-remote-wide,1,sync-remote-wide,3.0,normal,9,200,,4.5773,5.7533,1.176
03-sync-remote-wide,1,sync-remote-wide,3.0,normal,10,200,,3.1851,4.8505,1.6654
03-sync-remote-wide,1,sync-remote-wide,3.0,normal,11,200,,2.4675,3.5787,1.1112
03-sync-remote-wide,1,sync-remote-wide,3.0,normal,12,200,,3.5556,4.6931,1.1375
03-sync-remote-wide,1,sync-remote-wide,3.0,normal,13,200,,3.2037,4.3492,1.1455
03-sync-remote-wide,1,sync-remote-wide,3.0,normal,14,200,,3.0794,4.2455,1.1662
03-sync-remote-wide,1,sync-remote-wide,3.0,normal,15,200,,3.4277,5.2737,1.846
03-sync-remote-wide,1,sync-remote-wide,3.0,normal,16,200,,3.1202,4.3126,1.1925
03-sync-remote-wide,1,sync-remote-wide,3.0,normal,17,200,,3.3695,4.5998,1.2304
03-sync-remote-wide,1,sync-remote-wide,3.0,ai,0,200,True,3015.5412,3016.6968,1.1556
03-sync-remote-wide,1,sync-remote-wide,3.0,normal,18,200,,2116.2933,2117.4119,1.1185
03-sync-remote-wide,1,sync-remote-wide,3.0,normal,19,200,,2067.1642,2068.2762,1.112
03-sync-remote-wide,1,sync-remote-wide,3.0,ai,1,200,True,3017.519,3018.6311,1.1121
03-sync-remote-wide,1,sync-remote-wide,3.0,normal,20,200,,2142.6103,2144.4281,1.8178
03-sync-remote-wide,1,sync-remote-wide,3.0,normal,21,200,,2094.7722,2094.9609,0.1887
03-sync-remote-wide,1,sync-remote-wide,3.0,normal,22,200,,2044.6506,2045.6805,1.03
03-sync-remote-wide,1,sync-remote-wide,3.0,ai,2,200,True,3020.0831,3021.3082,1.2251
03-sync-remote-wide,1,sync-remote-wide,3.0,normal,23,200,,2121.274,2121.9126,0.6386
03-sync-remote-wide,1,sync-remote-wide,3.0,normal,24,200,,2071.352,2072.4742,1.1222
03-sync-remote-wide,1,sync-remote-wide,3.0,normal,25,200,,2021.5369,2023.1709,1.634
03-sync-remote-wide,1,sync-remote-wide,3.0,ai,3,200,True,3015.1854,3016.2874,1.102
03-sync-remote-wide,1,sync-remote-wide,3.0,normal,26,200,,2091.3181,2092.6215,1.3034
03-sync-remote-wide,1,sync-remote-wide,3.0,normal,27,200,,2043.0427,2043.662,0.6192
03-sync-remote-wide,1,sync-remote-wide,3.0,ai,4,200,True,3025.4868,3026.636,1.1492
03-sync-remote-wide,1,sync-remote-wide,3.0,normal,28,200,,2126.3799,2127.4775,1.0975
03-sync-remote-wide,1,sync-remote-wide,3.0,normal,29,200,,2077.1052,2078.2718,1.1666
03-sync-remote-wide,1,sync-remote-wide,3.0,ai,5,200,True,3013.6149,3014.6998,1.0849
03-sync-remote-wide,1,sync-remote-wide,3.0,normal,30,200,,2138.5035,2140.2136,1.7101
03-sync-remote-wide,1,sync-remote-wide,3.0,normal,31,200,,2090.1896,2091.2841,1.0945
03-sync-remote-wide,1,sync-remote-wide,3.0,normal,32,200,,2041.3775,2042.3224,0.9449
03-sync-remote-wide,1,sync-remote-wide,3.0,ai,6,200,True,3014.582,3015.7528,1.1708
03-sync-remote-wide,1,sync-remote-wide,3.0,normal,33,200,,2115.411,2116.6989,1.2879
03-sync-remote-wide,1,sync-remote-wide,3.0,normal,34,200,,2066.3583,2067.4524,1.094
03-sync-remote-wide,1,sync-remote-wide,3.0,ai,7,200,True,3015.4754,3016.6823,1.2069
03-sync-remote-wide,1,sync-remote-wide,3.0,normal,35,200,,2140.7,2142.6552,1.9552
03-sync-remote-wide,1,sync-remote-wide,3.0,normal,36,200,,2092.7165,2093.8121,1.0956
03-sync-remote-wide,1,sync-remote-wide,3.0,normal,37,200,,2042.9444,2044.0486,1.1042
03-sync-remote-wide,1,sync-remote-wide,3.0,ai,8,200,True,5030.005,5030.8835,0.8785
03-sync-remote-wide,1,sync-remote-wide,3.0,normal,38,200,,4130.4611,4131.8357,1.3746
03-sync-remote-wide,1,sync-remote-wide,3.0,normal,39,200,,4081.5557,4082.7515,1.1958
03-sync-remote-wide,1,sync-remote-wide,3.0,ai,9,200,True,5028.2809,5029.3687,1.0878
03-sync-remote-wide,1,sync-remote-wide,3.0,normal,40,200,,4153.1167,4155.0244,1.9077
03-sync-remote-wide,1,sync-remote-wide,3.0,normal,41,200,,4104.2377,4105.667,1.4293
03-sync-remote-wide,1,sync-remote-wide,3.0,normal,42,200,,4055.0163,4056.3475,1.3312
03-sync-remote-wide,1,sync-remote-wide,3.0,ai,10,200,True,5032.5025,5034.7998,2.2972
03-sync-remote-wide,1,sync-remote-wide,3.0,normal,43,200,,4134.2925,4135.98,1.6875
03-sync-remote-wide,1,sync-remote-wide,3.0,normal,44,200,,4085.9934,4087.1628,1.1695
03-sync-remote-wide,1,sync-remote-wide,3.0,ai,11,200,True,5029.055,5029.8019,0.7469
03-sync-remote-wide,1,sync-remote-wide,3.0,normal,45,200,,4153.452,4155.5667,2.1147
03-sync-remote-wide,1,sync-remote-wide,3.0,normal,46,200,,4105.4293,4106.5057,1.0764
03-sync-remote-wide,1,sync-remote-wide,3.0,normal,47,200,,4057.3542,4057.7657,0.4115
03-sync-remote-wide,1,sync-remote-wide,3.0,ai,12,200,True,5037.2657,5038.3844,1.1187
03-sync-remote-wide,1,sync-remote-wide,3.0,normal,48,200,,4138.5198,4139.8735,1.3537
03-sync-remote-wide,1,sync-remote-wide,3.0,normal,49,200,,4090.355,4091.6247,1.2698
03-sync-remote-wide,1,sync-remote-wide,3.0,ai,13,200,True,5023.3315,5024.4273,1.0958
03-sync-remote-wide,1,sync-remote-wide,3.0,normal,50,200,,4149.1609,4151.6326,2.4717
03-sync-remote-wide,1,sync-remote-wide,3.0,normal,51,200,,4102.2573,4102.6765,0.4192
03-sync-remote-wide,1,sync-remote-wide,3.0,normal,52,200,,4052.6627,4053.5585,0.8957
03-sync-remote-wide,1,sync-remote-wide,3.0,ai,14,200,True,5024.6863,5025.8608,1.1745
03-sync-remote-wide,1,sync-remote-wide,3.0,normal,53,200,,4125.6044,4127.0418,1.4374
03-sync-remote-wide,1,sync-remote-wide,3.0,normal,54,200,,4077.0095,4078.1882,1.1787
03-sync-remote-wide,1,sync-remote-wide,3.0,normal,55,200,,4027.7738,4029.126,1.3522
03-sync-remote-wide,1,sync-remote-wide,3.0,ai,15,200,True,5027.3565,5028.506,1.1495
03-sync-remote-wide,1,sync-remote-wide,3.0,normal,56,200,,4104.5919,4105.3202,0.7284
03-sync-remote-wide,1,sync-remote-wide,3.0,normal,57,200,,4055.029,4055.9875,0.9585
03-sync-remote-wide,1,sync-remote-wide,3.0,ai,16,200,True,7042.6313,7043.748,1.1167
03-sync-remote-wide,1,sync-remote-wide,3.0,normal,58,200,,6143.991,6145.6802,1.6892
03-sync-remote-wide,1,sync-remote-wide,3.0,normal,59,200,,6096.4675,6097.2279,0.7605
03-sync-remote-wide,1,sync-remote-wide,3.0,normal,60,200,,6046.5134,6048.2283,1.7149
03-sync-remote-wide,1,sync-remote-wide,3.0,ai,17,200,True,7038.3361,7039.5835,1.2475
03-sync-remote-wide,1,sync-remote-wide,3.0,normal,61,200,,6116.6704,6117.7736,1.1032
03-sync-remote-wide,1,sync-remote-wide,3.0,normal,62,200,,6068.2544,6069.3785,1.1241
03-sync-remote-wide,1,sync-remote-wide,3.0,ai,18,200,True,7047.6527,7048.8233,1.1706
03-sync-remote-wide,1,sync-remote-wide,3.0,normal,63,200,,6150.4323,6151.0768,0.6445
03-sync-remote-wide,1,sync-remote-wide,3.0,normal,64,200,,6102.6572,6102.8648,0.2077
03-sync-remote-wide,1,sync-remote-wide,3.0,normal,65,200,,6052.643,6053.7562,1.1132
03-sync-remote-wide,1,sync-remote-wide,3.0,ai,19,200,True,7044.585,7045.7372,1.1522
03-sync-remote-wide,1,sync-remote-wide,3.0,normal,66,200,,6121.3446,6122.4419,1.0973
03-sync-remote-wide,1,sync-remote-wide,3.0,normal,67,200,,6073.1031,6074.1994,1.0963
03-sync-remote-wide,1,sync-remote-wide,3.0,ai,20,200,True,7045.6495,7047.0175,1.368
03-sync-remote-wide,1,sync-remote-wide,3.0,normal,68,200,,6147.6539,6148.5292,0.8753
03-sync-remote-wide,1,sync-remote-wide,3.0,normal,69,200,,6099.1157,6099.6126,0.4969
03-sync-remote-wide,1,sync-remote-wide,3.0,normal,70,200,,6049.407,6050.5478,1.1408
03-sync-remote-wide,1,sync-remote-wide,3.0,ai,21,200,True,7034.654,7036.0267,1.3727
03-sync-remote-wide,1,sync-remote-wide,3.0,normal,71,200,,6111.4496,6112.536,1.0863
03-sync-remote-wide,1,sync-remote-wide,3.0,normal,72,200,,6061.7958,6063.5824,1.7866
03-sync-remote-wide,1,sync-remote-wide,3.0,ai,22,200,True,7031.7887,7034.1839,2.3952
03-sync-remote-wide,1,sync-remote-wide,3.0,normal,73,200,,6135.1811,6136.2132,1.0321
03-sync-remote-wide,1,sync-remote-wide,3.0,normal,74,200,,6086.0738,6087.1853,1.1115
03-sync-remote-wide,1,sync-remote-wide,3.0,ai,23,200,True,7037.2767,7038.4972,1.2205
03-sync-remote-wide,1,sync-remote-wide,3.0,normal,75,200,,6164.2086,6166.1226,1.914
03-sync-remote-wide,1,sync-remote-wide,3.0,normal,76,200,,6117.3587,6118.5702,1.2115
03-sync-remote-wide,1,sync-remote-wide,3.0,normal,77,200,,6068.6592,6069.7516,1.0924
03-sync-remote-wide,1,sync-remote-wide,3.0,normal,79,200,,8109.6863,8110.7992,1.113
03-sync-remote-wide,1,sync-remote-wide,3.0,ai,24,200,True,9058.382,9061.2575,2.8755
03-sync-remote-wide,1,sync-remote-wide,3.0,normal,78,200,,8160.995,8161.8239,0.829
03-sync-remote-wide,1,sync-remote-wide,3.0,ai,25,200,True,9048.4048,9049.4285,1.0237
03-sync-remote-wide,1,sync-remote-wide,3.0,normal,80,200,,8174.3358,8176.0105,1.6746
03-sync-remote-wide,1,sync-remote-wide,3.0,normal,81,200,,8126.7545,8127.3732,0.6187
03-sync-remote-wide,1,sync-remote-wide,3.0,normal,82,200,,8077.1163,8078.2225,1.1062
03-sync-remote-wide,1,sync-remote-wide,3.0,ai,26,200,True,9062.7638,9064.6894,1.9255
03-sync-remote-wide,1,sync-remote-wide,3.0,normal,83,200,,8166.3817,8167.6882,1.3065
03-sync-remote-wide,1,sync-remote-wide,3.0,normal,84,200,,8118.6184,8119.1936,0.5752
03-sync-remote-wide,1,sync-remote-wide,3.0,ai,27,200,True,9054.6232,9055.8506,1.2274
03-sync-remote-wide,1,sync-remote-wide,3.0,normal,85,200,,8180.0939,8182.5544,2.4605
03-sync-remote-wide,1,sync-remote-wide,3.0,normal,86,200,,8133.5497,8134.6995,1.1498
03-sync-remote-wide,1,sync-remote-wide,3.0,normal,87,200,,8084.5189,8085.836,1.3171
03-sync-remote-wide,1,sync-remote-wide,3.0,ai,28,200,True,9055.3811,9057.235,1.8538
03-sync-remote-wide,1,sync-remote-wide,3.0,normal,88,200,,8158.588,8160.0661,1.4781
03-sync-remote-wide,1,sync-remote-wide,3.0,normal,89,200,,8111.1632,8111.6791,0.5159
03-sync-remote-wide,1,sync-remote-wide,3.0,normal,90,200,,8062.3307,8062.9443,0.6137
03-sync-remote-wide,1,sync-remote-wide,3.0,ai,29,200,True,9045.5922,9047.101,1.5088
03-sync-remote-wide,1,sync-remote-wide,3.0,normal,91,200,,8122.2227,8123.3964,1.1737
03-sync-remote-wide,1,sync-remote-wide,3.0,normal,92,200,,8074.3279,8075.2895,0.9616
03-sync-remote-wide,1,sync-remote-wide,3.0,ai,30,200,True,9041.5139,9042.6502,1.1363
03-sync-remote-wide,1,sync-remote-wide,3.0,normal,93,200,,8143.1776,8144.3851,1.2075
03-sync-remote-wide,1,sync-remote-wide,3.0,normal,94,200,,8094.757,8095.8678,1.1108
03-sync-remote-wide,1,sync-remote-wide,3.0,ai,31,200,True,9048.439,9049.6394,1.2003
03-sync-remote-wide,1,sync-remote-wide,3.0,normal,95,200,,8175.9132,8178.1239,2.2107
03-sync-remote-wide,1,sync-remote-wide,3.0,normal,96,200,,8127.9059,8129.6326,1.7267
03-sync-remote-wide,1,sync-remote-wide,3.0,normal,97,200,,8080.0308,8081.2736,1.2427
03-sync-remote-wide,1,sync-remote-wide,3.0,normal,99,200,,10120.7688,10121.9978,1.229
03-sync-remote-wide,1,sync-remote-wide,3.0,ai,32,200,True,11071.5376,11072.2832,0.7456
03-sync-remote-wide,1,sync-remote-wide,3.0,normal,98,200,,10171.6957,10172.7983,1.1026
03-sync-remote-wide,1,sync-remote-wide,3.0,ai,33,200,True,11058.5818,11059.8177,1.2359
03-sync-remote-wide,1,sync-remote-wide,3.0,ai,34,200,True,11077.4481,11078.868,1.4199
03-sync-remote-wide,1,sync-remote-wide,3.0,ai,35,200,True,11066.0599,11067.2636,1.2037
03-sync-remote-wide,1,sync-remote-wide,3.0,ai,36,200,True,11069.4374,11070.6296,1.1922
03-sync-remote-wide,1,sync-remote-wide,3.0,ai,37,200,True,11058.1223,11059.1857,1.0635
03-sync-remote-wide,1,sync-remote-wide,3.0,ai,38,200,True,11053.8558,11054.9573,1.1015
03-sync-remote-wide,1,sync-remote-wide,3.0,ai,39,200,True,11059.5698,11060.7763,1.2065
04-async-direct,1,async-direct,3.0,normal,0,200,,4.1755,6.5489,2.3734
04-async-direct,1,async-direct,3.0,normal,1,200,,3.8355,5.0012,1.1657
04-async-direct,1,async-direct,3.0,normal,2,200,,4.7168,5.9287,1.2119
04-async-direct,1,async-direct,3.0,normal,3,200,,4.4812,5.696,1.2148
04-async-direct,1,async-direct,3.0,normal,4,200,,4.8187,6.6236,1.8049
04-async-direct,1,async-direct,3.0,normal,5,200,,3.3923,5.228,1.8357
04-async-direct,1,async-direct,3.0,normal,6,200,,3.057,4.2063,1.1493
04-async-direct,1,async-direct,3.0,normal,7,200,,3.3656,4.589,1.2233
04-async-direct,1,async-direct,3.0,normal,8,200,,1.7247,2.8557,1.1309
04-async-direct,1,async-direct,3.0,normal,9,200,,2.4788,3.605,1.1262
04-async-direct,1,async-direct,3.0,normal,10,200,,4.1907,6.4246,2.2339
04-async-direct,1,async-direct,3.0,normal,11,200,,3.3797,3.7311,0.3514
04-async-direct,1,async-direct,3.0,normal,12,200,,4.473,5.666,1.193
04-async-direct,1,async-direct,3.0,normal,13,200,,3.9391,4.478,0.539
04-async-direct,1,async-direct,3.0,normal,14,200,,5.2712,6.5668,1.2957
04-async-direct,1,async-direct,3.0,normal,15,200,,2.9292,4.808,1.8788
04-async-direct,1,async-direct,3.0,normal,16,200,,4.2369,5.4487,1.2118
04-async-direct,1,async-direct,3.0,normal,17,200,,4.3844,5.5956,1.2112
04-async-direct,1,async-direct,3.0,normal,18,200,,3.9587,5.1324,1.1737
04-async-direct,1,async-direct,3.0,normal,19,200,,4.4721,5.6798,1.2077
04-async-direct,1,async-direct,3.0,normal,20,200,,4.9524,7.1973,2.245
04-async-direct,1,async-direct,3.0,normal,21,200,,4.4412,5.6292,1.188
04-async-direct,1,async-direct,3.0,normal,22,200,,4.7566,5.0458,0.2892
04-async-direct,1,async-direct,3.0,normal,23,200,,3.0146,3.2613,0.2467
04-async-direct,1,async-direct,3.0,normal,24,200,,2.9919,3.2986,0.3067
04-async-direct,1,async-direct,3.0,normal,25,200,,2.0754,3.65,1.5746
04-async-direct,1,async-direct,3.0,normal,26,200,,3.3747,4.514,1.1392
04-async-direct,1,async-direct,3.0,normal,27,200,,2.845,3.1237,0.2787
04-async-direct,1,async-direct,3.0,normal,28,200,,3.9745,5.1902,1.2158
04-async-direct,1,async-direct,3.0,normal,29,200,,3.5755,4.2597,0.6843
04-async-direct,1,async-direct,3.0,normal,30,200,,5.8108,8.2279,2.4171
04-async-direct,1,async-direct,3.0,normal,31,200,,2.6017,3.3081,0.7064
04-async-direct,1,async-direct,3.0,normal,32,200,,3.1617,3.3943,0.2327
04-async-direct,1,async-direct,3.0,normal,33,200,,3.1948,4.3484,1.1536
04-async-direct,1,async-direct,3.0,normal,34,200,,5.6372,6.9131,1.2758
04-async-direct,1,async-direct,3.0,normal,35,200,,6.9635,8.1793,1.2158
04-async-direct,1,async-direct,3.0,normal,36,200,,2.9983,4.1462,1.1479
04-async-direct,1,async-direct,3.0,normal,37,200,,3.8532,5.0149,1.1617
04-async-direct,1,async-direct,3.0,normal,38,200,,1.8773,3.0335,1.1562
04-async-direct,1,async-direct,3.0,normal,39,200,,2.7147,3.7953,1.0806
04-async-direct,1,async-direct,3.0,normal,40,200,,2.5654,4.3107,1.7453
04-async-direct,1,async-direct,3.0,normal,41,200,,4.5249,5.6583,1.1335
04-async-direct,1,async-direct,3.0,normal,42,200,,2.4471,2.6456,0.1985
04-async-direct,1,async-direct,3.0,normal,43,200,,2.9975,4.1362,1.1386
04-async-direct,1,async-direct,3.0,normal,44,200,,3.05,4.1818,1.1318
04-async-direct,1,async-direct,3.0,normal,45,200,,6.0657,10.8048,4.7391
04-async-direct,1,async-direct,3.0,normal,46,200,,2.9519,4.1073,1.1554
04-async-direct,1,async-direct,3.0,normal,47,200,,1.6209,2.7122,1.0913
04-async-direct,1,async-direct,3.0,normal,48,200,,1.5211,2.5864,1.0653
04-async-direct,1,async-direct,3.0,normal,49,200,,1.9078,3.0338,1.126
04-async-direct,1,async-direct,3.0,normal,50,200,,3.6854,4.8247,1.1393
04-async-direct,1,async-direct,3.0,normal,51,200,,3.2389,4.381,1.1422
04-async-direct,1,async-direct,3.0,normal,52,200,,3.1128,4.2398,1.127
04-async-direct,1,async-direct,3.0,normal,53,200,,3.5733,4.7203,1.147
04-async-direct,1,async-direct,3.0,normal,54,200,,3.1778,4.3043,1.1265
04-async-direct,1,async-direct,3.0,normal,55,200,,4.9158,7.1563,2.2405
04-async-direct,1,async-direct,3.0,normal,56,200,,3.0348,3.8052,0.7705
04-async-direct,1,async-direct,3.0,normal,57,200,,3.1632,4.284,1.1208
04-async-direct,1,async-direct,3.0,normal,58,200,,3.3697,4.5275,1.1579
04-async-direct,1,async-direct,3.0,normal,59,200,,3.3262,4.4534,1.1272
04-async-direct,1,async-direct,3.0,normal,60,200,,3.1135,4.2926,1.1791
04-async-direct,1,async-direct,3.0,ai,0,200,True,3010.5607,3011.8212,1.2605
04-async-direct,1,async-direct,3.0,normal,61,200,,3.8909,5.1047,1.2138
04-async-direct,1,async-direct,3.0,normal,62,200,,3.1455,4.2917,1.1462
04-async-direct,1,async-direct,3.0,ai,1,200,True,3008.9253,3010.0383,1.113
04-async-direct,1,async-direct,3.0,normal,63,200,,2.9392,4.0604,1.1212
04-async-direct,1,async-direct,3.0,normal,64,200,,10.5543,11.001,0.4467
04-async-direct,1,async-direct,3.0,normal,65,200,,2.2017,3.8979,1.6962
04-async-direct,1,async-direct,3.0,ai,2,200,True,3006.9627,3008.1304,1.1677
04-async-direct,1,async-direct,3.0,normal,66,200,,2.6486,3.8081,1.1595
04-async-direct,1,async-direct,3.0,normal,67,200,,2.846,3.0445,0.1985
04-async-direct,1,async-direct,3.0,ai,3,200,True,3005.4602,3006.5275,1.0672
04-async-direct,1,async-direct,3.0,normal,68,200,,2.6518,3.8258,1.174
04-async-direct,1,async-direct,3.0,normal,69,200,,2.5471,3.7071,1.16
04-async-direct,1,async-direct,3.0,normal,70,200,,3.4555,5.9421,2.4866
04-async-direct,1,async-direct,3.0,ai,4,200,True,3008.9074,3010.1473,1.2399
04-async-direct,1,async-direct,3.0,normal,71,200,,2.4512,3.5747,1.1235
04-async-direct,1,async-direct,3.0,normal,72,200,,2.9854,3.7392,0.7538
04-async-direct,1,async-direct,3.0,ai,5,200,True,3010.1399,3011.3538,1.2139
04-async-direct,1,async-direct,3.0,normal,73,200,,2.4606,2.6652,0.2046
04-async-direct,1,async-direct,3.0,normal,74,200,,3.7691,4.8377,1.0686
04-async-direct,1,async-direct,3.0,normal,75,200,,4.1263,6.302,2.1758
04-async-direct,1,async-direct,3.0,ai,6,200,True,3009.1565,3010.3074,1.1509
04-async-direct,1,async-direct,3.0,normal,76,200,,2.6316,3.7821,1.1505
04-async-direct,1,async-direct,3.0,normal,77,200,,2.1719,3.3172,1.1453
04-async-direct,1,async-direct,3.0,ai,7,200,True,3008.957,3010.1688,1.2118
04-async-direct,1,async-direct,3.0,normal,78,200,,1.9155,3.0049,1.0894
04-async-direct,1,async-direct,3.0,normal,79,200,,3.8593,5.09,1.2307
04-async-direct,1,async-direct,3.0,normal,80,200,,3.203,5.6422,2.4392
04-async-direct,1,async-direct,3.0,ai,8,200,True,3012.793,3014.0103,1.2173
04-async-direct,1,async-direct,3.0,normal,81,200,,3.2922,4.5262,1.234
04-async-direct,1,async-direct,3.0,normal,82,200,,3.939,5.1472,1.2082
04-async-direct,1,async-direct,3.0,ai,9,200,True,3007.807,3009.0358,1.2288
04-async-direct,1,async-direct,3.0,normal,83,200,,3.1103,3.6215,0.5111
04-async-direct,1,async-direct,3.0,normal,84,200,,3.1424,4.4078,1.2654
04-async-direct,1,async-direct,3.0,normal,85,200,,2.316,3.3925,1.0766
04-async-direct,1,async-direct,3.0,ai,10,200,True,3005.0343,3006.1392,1.1049
04-async-direct,1,async-direct,3.0,normal,86,200,,3.8908,5.077,1.1861
04-async-direct,1,async-direct,3.0,normal,87,200,,2.221,2.7672,0.5461
04-async-direct,1,async-direct,3.0,ai,11,200,True,3007.5425,3008.6254,1.0828
04-async-direct,1,async-direct,3.0,normal,88,200,,2.6368,3.7984,1.1616
04-async-direct,1,async-direct,3.0,normal,89,200,,2.0961,3.1975,1.1014
04-async-direct,1,async-direct,3.0,normal,90,200,,2.2327,4.0319,1.7992
04-async-direct,1,async-direct,3.0,ai,12,200,True,3012.853,3014.076,1.223
04-async-direct,1,async-direct,3.0,normal,91,200,,3.0447,4.1509,1.1062
04-async-direct,1,async-direct,3.0,normal,92,200,,2.6978,3.7837,1.0859
04-async-direct,1,async-direct,3.0,ai,13,200,True,3010.1943,3011.2911,1.0968
04-async-direct,1,async-direct,3.0,normal,93,200,,2.3865,2.8335,0.447
04-async-direct,1,async-direct,3.0,normal,94,200,,3.0876,4.3066,1.219
04-async-direct,1,async-direct,3.0,normal,95,200,,3.7007,4.8687,1.1681
04-async-direct,1,async-direct,3.0,ai,14,200,True,3010.7276,3012.9848,2.2572
04-async-direct,1,async-direct,3.0,normal,96,200,,3.3743,4.5957,1.2215
04-async-direct,1,async-direct,3.0,normal,97,200,,3.5714,5.1488,1.5774
04-async-direct,1,async-direct,3.0,ai,15,200,True,3006.9427,3008.1296,1.1869
04-async-direct,1,async-direct,3.0,normal,98,200,,2.9104,4.036,1.1256
04-async-direct,1,async-direct,3.0,normal,99,200,,4.3785,5.6017,1.2232
04-async-direct,1,async-direct,3.0,ai,16,200,True,3012.1317,3013.2806,1.1489
04-async-direct,1,async-direct,3.0,ai,17,200,True,3012.1422,3013.2813,1.1391
04-async-direct,1,async-direct,3.0,ai,18,200,True,3017.4054,3019.7082,2.3028
04-async-direct,1,async-direct,3.0,ai,19,200,True,3008.8165,3009.0127,0.1962
04-async-direct,1,async-direct,3.0,ai,20,200,True,3010.5351,3012.2925,1.7574
04-async-direct,1,async-direct,3.0,ai,21,200,True,3010.7146,3011.8464,1.1318
04-async-direct,1,async-direct,3.0,ai,22,200,True,3015.3081,3016.5736,1.2655
04-async-direct,1,async-direct,3.0,ai,23,200,True,3013.7459,3014.9518,1.2059
04-async-direct,1,async-direct,3.0,ai,24,200,True,3012.1173,3012.7206,0.6033
04-async-direct,1,async-direct,3.0,ai,25,200,True,3011.4199,3012.5775,1.1577
04-async-direct,1,async-direct,3.0,ai,26,200,True,3005.6647,3006.8401,1.1754
04-async-direct,1,async-direct,3.0,ai,27,200,True,3009.7926,3010.9334,1.1408
04-async-direct,1,async-direct,3.0,ai,28,200,True,3011.2093,3012.4423,1.233
04-async-direct,1,async-direct,3.0,ai,29,200,True,3009.3562,3010.0924,0.7362
04-async-direct,1,async-direct,3.0,ai,30,200,True,3012.1423,3013.3535,1.2112
04-async-direct,1,async-direct,3.0,ai,31,200,True,3010.2676,3011.3955,1.1279
04-async-direct,1,async-direct,3.0,ai,32,200,True,3011.1056,3012.446,1.3403
04-async-direct,1,async-direct,3.0,ai,33,200,True,3011.9147,3013.1191,1.2044
04-async-direct,1,async-direct,3.0,ai,34,200,True,3008.5812,3010.0369,1.4557
04-async-direct,1,async-direct,3.0,ai,35,200,True,3010.239,3011.3427,1.1037
04-async-direct,1,async-direct,3.0,ai,36,200,True,3009.9031,3011.049,1.1459
04-async-direct,1,async-direct,3.0,ai,37,200,True,3011.3692,3011.8903,0.5211
04-async-direct,1,async-direct,3.0,ai,38,200,True,3011.9523,3012.1842,0.2319
04-async-direct,1,async-direct,3.0,ai,39,200,True,3012.6491,3013.7809,1.1318
05-sync-direct-bounded,1,sync-direct-bounded,3.0,normal,0,200,,4.2068,5.5726,1.3659
05-sync-direct-bounded,1,sync-direct-bounded,3.0,normal,1,200,,3.0159,3.1361,0.1202
05-sync-direct-bounded,1,sync-direct-bounded,3.0,normal,2,200,,3.0436,4.239,1.1954
05-sync-direct-bounded,1,sync-direct-bounded,3.0,normal,3,200,,2.8994,4.0178,1.1184
05-sync-direct-bounded,1,sync-direct-bounded,3.0,normal,4,200,,3.2112,4.1182,0.907
05-sync-direct-bounded,1,sync-direct-bounded,3.0,normal,5,200,,3.7399,6.0107,2.2708
05-sync-direct-bounded,1,sync-direct-bounded,3.0,ai,2,200,False,5.5586,6.7479,1.1893
05-sync-direct-bounded,1,sync-direct-bounded,3.0,normal,6,200,,3.2188,4.1003,0.8816
05-sync-direct-bounded,1,sync-direct-bounded,3.0,normal,7,200,,2.8762,4.0282,1.152
05-sync-direct-bounded,1,sync-direct-bounded,3.0,ai,3,200,False,2.6193,3.1783,0.559
05-sync-direct-bounded,1,sync-direct-bounded,3.0,normal,8,200,,3.0498,4.1941,1.1443
05-sync-direct-bounded,1,sync-direct-bounded,3.0,normal,9,200,,4.1787,5.3461,1.1673
05-sync-direct-bounded,1,sync-direct-bounded,3.0,ai,4,200,False,3.3713,5.5714,2.2
05-sync-direct-bounded,1,sync-direct-bounded,3.0,normal,10,200,,4.5155,5.7269,1.2114
05-sync-direct-bounded,1,sync-direct-bounded,3.0,normal,11,200,,3.1433,4.1128,0.9695
05-sync-direct-bounded,1,sync-direct-bounded,3.0,normal,12,200,,3.6517,4.8628,1.2111
05-sync-direct-bounded,1,sync-direct-bounded,3.0,ai,5,200,False,3.7814,4.9401,1.1587
05-sync-direct-bounded,1,sync-direct-bounded,3.0,normal,13,200,,3.7463,4.9282,1.1819
05-sync-direct-bounded,1,sync-direct-bounded,3.0,normal,14,200,,3.6018,4.7457,1.1439
05-sync-direct-bounded,1,sync-direct-bounded,3.0,normal,15,200,,2.1237,3.7587,1.635
05-sync-direct-bounded,1,sync-direct-bounded,3.0,ai,6,200,False,2.7259,3.8494,1.1235
05-sync-direct-bounded,1,sync-direct-bounded,3.0,normal,16,200,,2.9013,4.0097,1.1084
05-sync-direct-bounded,1,sync-direct-bounded,3.0,normal,17,200,,3.5675,4.7044,1.1369
05-sync-direct-bounded,1,sync-direct-bounded,3.0,ai,7,200,False,4.2517,5.3785,1.1268
05-sync-direct-bounded,1,sync-direct-bounded,3.0,normal,18,200,,4.3073,5.6208,1.3135
05-sync-direct-bounded,1,sync-direct-bounded,3.0,normal,19,200,,2.8697,3.0649,0.1952
05-sync-direct-bounded,1,sync-direct-bounded,3.0,ai,8,200,False,3.9171,6.2628,2.3457
05-sync-direct-bounded,1,sync-direct-bounded,3.0,normal,20,200,,5.1588,6.3786,1.2198
05-sync-direct-bounded,1,sync-direct-bounded,3.0,normal,21,200,,4.0768,5.2531,1.1763
05-sync-direct-bounded,1,sync-direct-bounded,3.0,normal,22,200,,4.1805,5.5782,1.3977
05-sync-direct-bounded,1,sync-direct-bounded,3.0,ai,9,200,False,3.1555,3.7181,0.5625
05-sync-direct-bounded,1,sync-direct-bounded,3.0,normal,23,200,,2.7949,3.9022,1.1074
05-sync-direct-bounded,1,sync-direct-bounded,3.0,normal,24,200,,1.782,2.8491,1.0671
05-sync-direct-bounded,1,sync-direct-bounded,3.0,normal,25,200,,1.6149,3.124,1.5092
05-sync-direct-bounded,1,sync-direct-bounded,3.0,ai,10,200,False,2.0776,3.197,1.1193
05-sync-direct-bounded,1,sync-direct-bounded,3.0,normal,26,200,,1.7663,2.89,1.1237
05-sync-direct-bounded,1,sync-direct-bounded,3.0,normal,27,200,,1.8011,1.9188,0.1177
05-sync-direct-bounded,1,sync-direct-bounded,3.0,ai,11,200,False,2.8074,4.0063,1.199
05-sync-direct-bounded,1,sync-direct-bounded,3.0,normal,28,200,,2.7357,2.9668,0.231
05-sync-direct-bounded,1,sync-direct-bounded,3.0,normal,29,200,,4.0036,5.1382,1.1346
05-sync-direct-bounded,1,sync-direct-bounded,3.0,ai,12,200,False,3.5333,5.8408,2.3075
05-sync-direct-bounded,1,sync-direct-bounded,3.0,normal,30,200,,4.9831,6.1895,1.2065
05-sync-direct-bounded,1,sync-direct-bounded,3.0,normal,31,200,,4.7516,5.6919,0.9403
05-sync-direct-bounded,1,sync-direct-bounded,3.0,normal,32,200,,4.5338,5.7705,1.2367
05-sync-direct-bounded,1,sync-direct-bounded,3.0,ai,13,200,False,4.5341,5.7431,1.209
05-sync-direct-bounded,1,sync-direct-bounded,3.0,normal,33,200,,3.0492,4.158,1.1089
05-sync-direct-bounded,1,sync-direct-bounded,3.0,normal,34,200,,4.1603,5.3834,1.2231
05-sync-direct-bounded,1,sync-direct-bounded,3.0,normal,35,200,,3.8833,6.9108,3.0275
05-sync-direct-bounded,1,sync-direct-bounded,3.0,ai,14,200,False,5.917,7.1146,1.1977
05-sync-direct-bounded,1,sync-direct-bounded,3.0,normal,36,200,,3.077,4.2447,1.1677
05-sync-direct-bounded,1,sync-direct-bounded,3.0,normal,37,200,,4.5009,5.6917,1.1907
05-sync-direct-bounded,1,sync-direct-bounded,3.0,ai,15,200,False,4.7755,5.9889,1.2135
05-sync-direct-bounded,1,sync-direct-bounded,3.0,normal,38,200,,4.289,5.4941,1.2052
05-sync-direct-bounded,1,sync-direct-bounded,3.0,normal,39,200,,4.3186,5.9883,1.6697
05-sync-direct-bounded,1,sync-direct-bounded,3.0,normal,40,200,,3.2622,5.1682,1.906
05-sync-direct-bounded,1,sync-direct-bounded,3.0,ai,16,200,False,4.59,5.7355,1.1455
05-sync-direct-bounded,1,sync-direct-bounded,3.0,normal,41,200,,4.0873,5.2552,1.1679
05-sync-direct-bounded,1,sync-direct-bounded,3.0,normal,42,200,,4.3025,5.578,1.2755
05-sync-direct-bounded,1,sync-direct-bounded,3.0,ai,17,200,False,5.0027,5.951,0.9484
05-sync-direct-bounded,1,sync-direct-bounded,3.0,normal,43,200,,2.9752,4.2958,1.3207
05-sync-direct-bounded,1,sync-direct-bounded,3.0,normal,44,200,,2.2493,3.333,1.0837
05-sync-direct-bounded,1,sync-direct-bounded,3.0,normal,45,200,,2.8154,3.9296,1.1142
05-sync-direct-bounded,1,sync-direct-bounded,3.0,ai,18,200,False,2.4838,4.2846,1.8008
05-sync-direct-bounded,1,sync-direct-bounded,3.0,normal,46,200,,2.5713,3.7116,1.1403
05-sync-direct-bounded,1,sync-direct-bounded,3.0,normal,47,200,,2.9874,4.1211,1.1337
05-sync-direct-bounded,1,sync-direct-bounded,3.0,ai,19,200,False,2.7533,2.8756,0.1223
05-sync-direct-bounded,1,sync-direct-bounded,3.0,normal,48,200,,2.6245,3.7671,1.1426
05-sync-direct-bounded,1,sync-direct-bounded,3.0,normal,49,200,,3.2853,4.4608,1.1755
05-sync-direct-bounded,1,sync-direct-bounded,3.0,normal,50,200,,2.7747,4.492,1.7173
05-sync-direct-bounded,1,sync-direct-bounded,3.0,ai,20,200,False,3.5336,4.6661,1.1325
05-sync-direct-bounded,1,sync-direct-bounded,3.0,normal,51,200,,4.1925,5.0007,0.8082
05-sync-direct-bounded,1,sync-direct-bounded,3.0,normal,52,200,,2.2055,3.2681,1.0625
05-sync-direct-bounded,1,sync-direct-bounded,3.0,ai,21,200,False,3.0791,4.2587,1.1796
05-sync-direct-bounded,1,sync-direct-bounded,3.0,normal,53,200,,2.3568,3.4873,1.1305
05-sync-direct-bounded,1,sync-direct-bounded,3.0,normal,54,200,,3.9775,5.2399,1.2624
05-sync-direct-bounded,1,sync-direct-bounded,3.0,normal,55,200,,3.7685,6.0302,2.2616
05-sync-direct-bounded,1,sync-direct-bounded,3.0,ai,22,200,False,5.1137,6.318,1.2043
05-sync-direct-bounded,1,sync-direct-bounded,3.0,normal,56,200,,2.9948,4.1482,1.1534
05-sync-direct-bounded,1,sync-direct-bounded,3.0,normal,57,200,,4.1128,5.3217,1.2089
05-sync-direct-bounded,1,sync-direct-bounded,3.0,ai,23,200,False,3.9603,4.4051,0.4448
05-sync-direct-bounded,1,sync-direct-bounded,3.0,normal,58,200,,3.7714,4.9307,1.1593
05-sync-direct-bounded,1,sync-direct-bounded,3.0,normal,59,200,,4.9607,5.7758,0.815
05-sync-direct-bounded,1,sync-direct-bounded,3.0,normal,60,200,,2.2203,2.7685,0.5481
05-sync-direct-bounded,1,sync-direct-bounded,3.0,ai,24,200,False,2.7095,2.88,0.1705
05-sync-direct-bounded,1,sync-direct-bounded,3.0,ai,0,200,True,3009.9718,3010.4605,0.4887
05-sync-direct-bounded,1,sync-direct-bounded,3.0,normal,61,200,,3.485,4.6799,1.1949
05-sync-direct-bounded,1,sync-direct-bounded,3.0,normal,62,200,,2.994,4.1276,1.1336
05-sync-direct-bounded,1,sync-direct-bounded,3.0,ai,1,200,True,3008.2872,3008.6639,0.3768
05-sync-direct-bounded,1,sync-direct-bounded,3.0,normal,63,200,,3.2074,4.4112,1.2038
05-sync-direct-bounded,1,sync-direct-bounded,3.0,normal,64,200,,2.8343,3.789,0.9547
05-sync-direct-bounded,1,sync-direct-bounded,3.0,normal,65,200,,2.5394,3.5543,1.0149
05-sync-direct-bounded,1,sync-direct-bounded,3.0,normal,66,200,,3.7736,4.9525,1.1788
05-sync-direct-bounded,1,sync-direct-bounded,3.0,normal,67,200,,3.1447,4.333,1.1883
05-sync-direct-bounded,1,sync-direct-bounded,3.0,ai,27,200,False,3.0534,4.16,1.1065
05-sync-direct-bounded,1,sync-direct-bounded,3.0,normal,68,200,,3.5845,4.7646,1.1802
05-sync-direct-bounded,1,sync-direct-bounded,3.0,normal,69,200,,2.8316,3.9579,1.1263
05-sync-direct-bounded,1,sync-direct-bounded,3.0,normal,70,200,,4.2994,6.5937,2.2942
05-sync-direct-bounded,1,sync-direct-bounded,3.0,ai,28,200,False,5.597,6.8194,1.2224
05-sync-direct-bounded,1,sync-direct-bounded,3.0,normal,71,200,,3.9091,5.0244,1.1153
05-sync-direct-bounded,1,sync-direct-bounded,3.0,normal,72,200,,4.0908,5.3056,1.2147
05-sync-direct-bounded,1,sync-direct-bounded,3.0,ai,29,200,False,2.9683,4.0858,1.1175
05-sync-direct-bounded,1,sync-direct-bounded,3.0,normal,73,200,,2.6292,3.7379,1.1087
05-sync-direct-bounded,1,sync-direct-bounded,3.0,normal,74,200,,3.2146,4.3401,1.1255
05-sync-direct-bounded,1,sync-direct-bounded,3.0,ai,30,200,False,3.6046,5.955,2.3503
05-sync-direct-bounded,1,sync-direct-bounded,3.0,normal,75,200,,4.861,6.087,1.226
05-sync-direct-bounded,1,sync-direct-bounded,3.0,normal,76,200,,3.6814,5.0482,1.3668
05-sync-direct-bounded,1,sync-direct-bounded,3.0,normal,77,200,,3.339,4.8756,1.5366
05-sync-direct-bounded,1,sync-direct-bounded,3.0,ai,31,200,False,2.8665,3.9529,1.0864
05-sync-direct-bounded,1,sync-direct-bounded,3.0,normal,78,200,,2.7877,3.9058,1.1181
05-sync-direct-bounded,1,sync-direct-bounded,3.0,normal,79,200,,3.3379,4.5211,1.1832
05-sync-direct-bounded,1,sync-direct-bounded,3.0,normal,80,200,,3.4028,6.6587,3.2559
05-sync-direct-bounded,1,sync-direct-bounded,3.0,ai,32,200,False,5.2135,6.7811,1.5676
05-sync-direct-bounded,1,sync-direct-bounded,3.0,normal,81,200,,3.6824,4.8802,1.1978
05-sync-direct-bounded,1,sync-direct-bounded,3.0,normal,82,200,,3.788,4.5105,0.7225
05-sync-direct-bounded,1,sync-direct-bounded,3.0,ai,33,200,False,4.6765,5.8985,1.2221
05-sync-direct-bounded,1,sync-direct-bounded,3.0,normal,83,200,,3.4875,4.68,1.1925
05-sync-direct-bounded,1,sync-direct-bounded,3.0,normal,84,200,,2.3905,3.4928,1.1023
05-sync-direct-bounded,1,sync-direct-bounded,3.0,normal,85,200,,2.0204,3.1362,1.1158
05-sync-direct-bounded,1,sync-direct-bounded,3.0,ai,34,200,False,1.8055,3.44,1.6344
05-sync-direct-bounded,1,sync-direct-bounded,3.0,normal,86,200,,1.9179,2.0567,0.1388
05-sync-direct-bounded,1,sync-direct-bounded,3.0,normal,87,200,,2.7612,2.967,0.2057
05-sync-direct-bounded,1,sync-direct-bounded,3.0,ai,35,200,False,3.133,4.2407,1.1077
05-sync-direct-bounded,1,sync-direct-bounded,3.0,normal,88,200,,3.2527,4.4332,1.1805
05-sync-direct-bounded,1,sync-direct-bounded,3.0,normal,89,200,,2.7659,2.9336,0.1677
05-sync-direct-bounded,1,sync-direct-bounded,3.0,ai,36,200,False,5.0347,6.2601,1.2254
05-sync-direct-bounded,1,sync-direct-bounded,3.0,normal,90,200,,4.0817,6.4724,2.3907
05-sync-direct-bounded,1,sync-direct-bounded,3.0,normal,91,200,,3.9519,5.073,1.121
05-sync-direct-bounded,1,sync-direct-bounded,3.0,normal,92,200,,3.044,3.5069,0.4629
05-sync-direct-bounded,1,sync-direct-bounded,3.0,ai,37,200,False,3.419,4.543,1.124
05-sync-direct-bounded,1,sync-direct-bounded,3.0,normal,93,200,,1.868,1.977,0.109
05-sync-direct-bounded,1,sync-direct-bounded,3.0,normal,94,200,,3.4935,4.669,1.1755
05-sync-direct-bounded,1,sync-direct-bounded,3.0,ai,38,200,False,4.646,5.8656,1.2197
05-sync-direct-bounded,1,sync-direct-bounded,3.0,normal,95,200,,3.8141,6.2371,2.423
05-sync-direct-bounded,1,sync-direct-bounded,3.0,normal,96,200,,1.8768,2.9594,1.0825
05-sync-direct-bounded,1,sync-direct-bounded,3.0,normal,97,200,,4.7435,5.8776,1.134
05-sync-direct-bounded,1,sync-direct-bounded,3.0,ai,39,200,False,3.7401,4.9309,1.1908
05-sync-direct-bounded,1,sync-direct-bounded,3.0,normal,98,200,,3.2766,4.4121,1.1355
05-sync-direct-bounded,1,sync-direct-bounded,3.0,normal,99,200,,2.6475,3.1314,0.4839
05-sync-direct-bounded,1,sync-direct-bounded,3.0,ai,25,200,True,3010.341,3011.4699,1.129
05-sync-direct-bounded,1,sync-direct-bounded,3.0,ai,26,200,True,3008.8793,3009.0855,0.2063
06-sync-remote-two,1,sync-remote-two,3.0,normal,0,200,,4.2156,6.0913,1.8757
06-sync-remote-two,1,sync-remote-two,3.0,normal,1,200,,3.3211,3.9586,0.6375
06-sync-remote-two,1,sync-remote-two,3.0,normal,2,200,,6.1879,7.5255,1.3375
06-sync-remote-two,1,sync-remote-two,3.0,normal,3,200,,2.8478,3.9992,1.1515
06-sync-remote-two,1,sync-remote-two,3.0,normal,4,200,,2.8874,4.0042,1.1168
06-sync-remote-two,1,sync-remote-two,3.0,normal,5,200,,3.465,5.3762,1.9113
06-sync-remote-two,1,sync-remote-two,3.0,ai,2,200,False,8.226,9.4004,1.1744
06-sync-remote-two,1,sync-remote-two,3.0,normal,6,200,,2.836,3.959,1.1229
06-sync-remote-two,1,sync-remote-two,3.0,normal,7,200,,3.0668,4.1994,1.1326
06-sync-remote-two,1,sync-remote-two,3.0,ai,3,200,False,7.648,7.9852,0.3372
06-sync-remote-two,1,sync-remote-two,3.0,normal,8,200,,2.7343,3.8577,1.1235
06-sync-remote-two,1,sync-remote-two,3.0,normal,9,200,,5.5237,6.7345,1.2108
06-sync-remote-two,1,sync-remote-two,3.0,normal,10,200,,3.5935,5.0656,1.472
06-sync-remote-two,1,sync-remote-two,3.0,ai,4,200,False,7.9833,8.2489,0.2655
06-sync-remote-two,1,sync-remote-two,3.0,normal,11,200,,2.9667,4.0788,1.1121
06-sync-remote-two,1,sync-remote-two,3.0,normal,12,200,,5.6047,6.811,1.2063
06-sync-remote-two,1,sync-remote-two,3.0,ai,5,200,False,7.6829,8.8514,1.1685
06-sync-remote-two,1,sync-remote-two,3.0,normal,13,200,,2.6893,3.7913,1.102
06-sync-remote-two,1,sync-remote-two,3.0,normal,14,200,,3.49,4.6431,1.153
06-sync-remote-two,1,sync-remote-two,3.0,normal,15,200,,2.456,4.3241,1.8681
06-sync-remote-two,1,sync-remote-two,3.0,ai,6,200,False,5.5242,6.6962,1.172
06-sync-remote-two,1,sync-remote-two,3.0,normal,16,200,,2.9092,4.0249,1.1157
06-sync-remote-two,1,sync-remote-two,3.0,normal,17,200,,4.3628,5.5946,1.2318
06-sync-remote-two,1,sync-remote-two,3.0,ai,7,200,False,8.0581,9.2278,1.1697
06-sync-remote-two,1,sync-remote-two,3.0,normal,18,200,,3.4079,4.5603,1.1525
06-sync-remote-two,1,sync-remote-two,3.0,normal,19,200,,3.0928,4.2282,1.1354
06-sync-remote-two,1,sync-remote-two,3.0,normal,20,200,,3.8906,6.3587,2.4681
06-sync-remote-two,1,sync-remote-two,3.0,ai,8,200,False,7.4806,8.8509,1.3703
06-sync-remote-two,1,sync-remote-two,3.0,normal,21,200,,3.2055,4.3446,1.1392
06-sync-remote-two,1,sync-remote-two,3.0,normal,22,200,,4.136,5.3696,1.2336
06-sync-remote-two,1,sync-remote-two,3.0,ai,9,200,False,7.9163,9.1224,1.2061
06-sync-remote-two,1,sync-remote-two,3.0,normal,23,200,,2.685,3.7595,1.0745
06-sync-remote-two,1,sync-remote-two,3.0,normal,24,200,,3.1377,4.2799,1.1422
06-sync-remote-two,1,sync-remote-two,3.0,normal,25,200,,3.906,6.2118,2.3057
06-sync-remote-two,1,sync-remote-two,3.0,ai,10,200,False,8.6363,9.8613,1.2251
06-sync-remote-two,1,sync-remote-two,3.0,normal,26,200,,3.8111,5.0147,1.2036
06-sync-remote-two,1,sync-remote-two,3.0,normal,27,200,,2.2746,2.5311,0.2565
06-sync-remote-two,1,sync-remote-two,3.0,ai,11,200,False,6.2326,7.4615,1.2289
06-sync-remote-two,1,sync-remote-two,3.0,normal,28,200,,3.0678,4.214,1.1461
06-sync-remote-two,1,sync-remote-two,3.0,normal,29,200,,4.2854,4.8287,0.5433
06-sync-remote-two,1,sync-remote-two,3.0,normal,30,200,,7.1984,8.4234,1.225
06-sync-remote-two,1,sync-remote-two,3.0,ai,12,200,False,9.2789,11.5566,2.2777
06-sync-remote-two,1,sync-remote-two,3.0,normal,31,200,,4.8706,5.9377,1.0672
06-sync-remote-two,1,sync-remote-two,3.0,normal,32,200,,3.1304,4.2536,1.1232
06-sync-remote-two,1,sync-remote-two,3.0,ai,13,200,False,6.7449,7.8843,1.1394
06-sync-remote-two,1,sync-remote-two,3.0,normal,33,200,,2.8375,3.974,1.1365
06-sync-remote-two,1,sync-remote-two,3.0,normal,34,200,,5.2632,6.4877,1.2245
06-sync-remote-two,1,sync-remote-two,3.0,normal,35,200,,3.2861,5.1053,1.8192
06-sync-remote-two,1,sync-remote-two,3.0,ai,14,200,False,7.719,8.4285,0.7095
06-sync-remote-two,1,sync-remote-two,3.0,normal,36,200,,2.8573,3.9647,1.1074
06-sync-remote-two,1,sync-remote-two,3.0,normal,37,200,,3.6756,4.91,1.2344
06-sync-remote-two,1,sync-remote-two,3.0,ai,15,200,False,7.6217,8.8372,1.2155
06-sync-remote-two,1,sync-remote-two,3.0,normal,38,200,,3.3673,4.4688,1.1015
06-sync-remote-two,1,sync-remote-two,3.0,normal,39,200,,4.0661,4.5852,0.519
06-sync-remote-two,1,sync-remote-two,3.0,normal,40,200,,4.2542,5.3816,1.1274
06-sync-remote-two,1,sync-remote-two,3.0,ai,16,200,False,7.1882,9.1201,1.9319
06-sync-remote-two,1,sync-remote-two,3.0,normal,41,200,,4.4941,5.694,1.2
06-sync-remote-two,1,sync-remote-two,3.0,normal,42,200,,3.7843,5.009,1.2248
06-sync-remote-two,1,sync-remote-two,3.0,ai,17,200,False,9.3612,10.564,1.2027
06-sync-remote-two,1,sync-remote-two,3.0,normal,43,200,,2.9061,3.9174,1.0113
06-sync-remote-two,1,sync-remote-two,3.0,normal,44,200,,2.9141,4.0474,1.1332
06-sync-remote-two,1,sync-remote-two,3.0,normal,45,200,,5.0196,7.2932,2.2736
06-sync-remote-two,1,sync-remote-two,3.0,ai,18,200,False,9.0912,10.2781,1.1869
06-sync-remote-two,1,sync-remote-two,3.0,normal,46,200,,3.5962,4.8985,1.3023
06-sync-remote-two,1,sync-remote-two,3.0,normal,47,200,,3.7878,4.9677,1.1799
06-sync-remote-two,1,sync-remote-two,3.0,ai,19,200,False,8.0037,9.2201,1.2164
06-sync-remote-two,1,sync-remote-two,3.0,normal,48,200,,3.2246,4.2493,1.0247
06-sync-remote-two,1,sync-remote-two,3.0,normal,49,200,,5.4244,6.6246,1.2002
06-sync-remote-two,1,sync-remote-two,3.0,normal,50,200,,4.32,6.4858,2.1659
06-sync-remote-two,1,sync-remote-two,3.0,ai,20,200,False,8.4711,9.6424,1.1712
06-sync-remote-two,1,sync-remote-two,3.0,normal,51,200,,3.9513,5.1587,1.2074
06-sync-remote-two,1,sync-remote-two,3.0,normal,52,200,,2.6855,3.7719,1.0863
06-sync-remote-two,1,sync-remote-two,3.0,ai,21,200,False,6.5078,7.649,1.1412
06-sync-remote-two,1,sync-remote-two,3.0,normal,53,200,,2.7055,3.8551,1.1496
06-sync-remote-two,1,sync-remote-two,3.0,normal,54,200,,5.3898,6.4175,1.0276
06-sync-remote-two,1,sync-remote-two,3.0,normal,55,200,,2.5031,4.3479,1.8448
06-sync-remote-two,1,sync-remote-two,3.0,ai,22,200,False,5.6199,6.79,1.1701
06-sync-remote-two,1,sync-remote-two,3.0,normal,56,200,,2.0933,2.6544,0.5611
06-sync-remote-two,1,sync-remote-two,3.0,normal,57,200,,5.0024,6.2271,1.2247
06-sync-remote-two,1,sync-remote-two,3.0,ai,23,200,False,10.2666,11.4604,1.1938
06-sync-remote-two,1,sync-remote-two,3.0,normal,58,200,,2.1635,3.2545,1.091
06-sync-remote-two,1,sync-remote-two,3.0,normal,59,200,,2.753,3.8603,1.1073
06-sync-remote-two,1,sync-remote-two,3.0,normal,60,200,,3.6955,5.6573,1.9618
06-sync-remote-two,1,sync-remote-two,3.0,ai,24,200,False,7.5666,8.3066,0.74
06-sync-remote-two,1,sync-remote-two,3.0,ai,0,200,True,3012.6508,3013.7959,1.1451
06-sync-remote-two,1,sync-remote-two,3.0,normal,61,200,,2.833,3.9635,1.1305
06-sync-remote-two,1,sync-remote-two,3.0,normal,62,200,,4.1518,5.2421,1.0903
06-sync-remote-two,1,sync-remote-two,3.0,ai,1,200,True,3013.8718,3014.9932,1.1215
06-sync-remote-two,1,sync-remote-two,3.0,normal,63,200,,1.9803,3.0577,1.0774
06-sync-remote-two,1,sync-remote-two,3.0,normal,64,200,,2.8743,4.0101,1.1358
06-sync-remote-two,1,sync-remote-two,3.0,normal,65,200,,4.6491,6.8112,2.1621
06-sync-remote-two,1,sync-remote-two,3.0,normal,66,200,,4.5223,5.7538,1.2315
06-sync-remote-two,1,sync-remote-two,3.0,normal,67,200,,3.983,5.162,1.179
06-sync-remote-two,1,sync-remote-two,3.0,ai,27,200,False,7.4441,8.7067,1.2626
06-sync-remote-two,1,sync-remote-two,3.0,normal,68,200,,2.9633,4.099,1.1357
06-sync-remote-two,1,sync-remote-two,3.0,normal,69,200,,3.1864,4.308,1.1217
06-sync-remote-two,1,sync-remote-two,3.0,normal,70,200,,4.9452,7.2971,2.3519
06-sync-remote-two,1,sync-remote-two,3.0,ai,28,200,False,10.0732,11.2975,1.2243
06-sync-remote-two,1,sync-remote-two,3.0,normal,71,200,,4.4587,5.6784,1.2197
06-sync-remote-two,1,sync-remote-two,3.0,normal,72,200,,4.0888,5.3115,1.2226
06-sync-remote-two,1,sync-remote-two,3.0,ai,29,200,False,4.4777,4.6485,0.1708
06-sync-remote-two,1,sync-remote-two,3.0,normal,73,200,,1.5948,2.667,1.0723
06-sync-remote-two,1,sync-remote-two,3.0,normal,74,200,,2.0437,2.4581,0.4144
06-sync-remote-two,1,sync-remote-two,3.0,normal,75,200,,2.7369,3.157,0.4201
06-sync-remote-two,1,sync-remote-two,3.0,ai,30,200,False,4.5027,5.3892,0.8865
06-sync-remote-two,1,sync-remote-two,3.0,normal,76,200,,2.4428,2.8662,0.4235
06-sync-remote-two,1,sync-remote-two,3.0,normal,77,200,,2.4463,3.5789,1.1326
06-sync-remote-two,1,sync-remote-two,3.0,ai,31,200,False,6.6964,7.8435,1.1472
06-sync-remote-two,1,sync-remote-two,3.0,normal,78,200,,2.5408,3.6805,1.1397
06-sync-remote-two,1,sync-remote-two,3.0,normal,79,200,,3.2442,4.503,1.2589
06-sync-remote-two,1,sync-remote-two,3.0,normal,80,200,,3.5924,4.7192,1.1268
06-sync-remote-two,1,sync-remote-two,3.0,ai,32,200,False,6.5818,8.4023,1.8205
06-sync-remote-two,1,sync-remote-two,3.0,normal,81,200,,2.7678,3.9432,1.1755
06-sync-remote-two,1,sync-remote-two,3.0,normal,82,200,,2.6556,3.7969,1.1412
06-sync-remote-two,1,sync-remote-two,3.0,ai,33,200,False,7.6805,8.8771,1.1966
06-sync-remote-two,1,sync-remote-two,3.0,normal,83,200,,3.2239,4.3685,1.1446
06-sync-remote-two,1,sync-remote-two,3.0,normal,84,200,,4.5021,5.4799,0.9777
06-sync-remote-two,1,sync-remote-two,3.0,normal,85,200,,3.2494,4.41,1.1606
06-sync-remote-two,1,sync-remote-two,3.0,ai,34,200,False,5.4975,7.4362,1.9387
06-sync-remote-two,1,sync-remote-two,3.0,normal,86,200,,4.1608,5.4137,1.2528
06-sync-remote-two,1,sync-remote-two,3.0,normal,87,200,,3.2999,4.4769,1.177
06-sync-remote-two,1,sync-remote-two,3.0,ai,35,200,False,6.9846,8.125,1.1404
06-sync-remote-two,1,sync-remote-two,3.0,normal,88,200,,2.8959,4.021,1.1252
06-sync-remote-two,1,sync-remote-two,3.0,normal,89,200,,2.4632,2.6748,0.2116
06-sync-remote-two,1,sync-remote-two,3.0,normal,90,200,,6.2541,7.4531,1.199
06-sync-remote-two,1,sync-remote-two,3.0,ai,36,200,False,7.9844,10.355,2.3706
06-sync-remote-two,1,sync-remote-two,3.0,normal,91,200,,2.8483,3.3131,0.4648
06-sync-remote-two,1,sync-remote-two,3.0,normal,92,200,,3.4561,3.9677,0.5116
06-sync-remote-two,1,sync-remote-two,3.0,ai,37,200,False,7.7042,8.2095,0.5052
06-sync-remote-two,1,sync-remote-two,3.0,normal,93,200,,3.5865,4.7493,1.1628
06-sync-remote-two,1,sync-remote-two,3.0,normal,94,200,,2.3335,3.4772,1.1437
06-sync-remote-two,1,sync-remote-two,3.0,normal,95,200,,1.9007,3.4894,1.5887
06-sync-remote-two,1,sync-remote-two,3.0,ai,38,200,False,5.2745,6.3709,1.0963
06-sync-remote-two,1,sync-remote-two,3.0,normal,96,200,,2.5238,3.6809,1.1571
06-sync-remote-two,1,sync-remote-two,3.0,normal,97,200,,2.7762,3.9341,1.1579
06-sync-remote-two,1,sync-remote-two,3.0,ai,39,200,False,6.3797,7.4711,1.0914
06-sync-remote-two,1,sync-remote-two,3.0,normal,98,200,,2.6652,3.7635,1.0983
06-sync-remote-two,1,sync-remote-two,3.0,normal,99,200,,4.1788,5.4159,1.2371
06-sync-remote-two,1,sync-remote-two,3.0,ai,25,200,True,3012.4431,3013.611,1.1679
06-sync-remote-two,1,sync-remote-two,3.0,ai,26,200,True,3015.5301,3016.7264,1.1962
07-sync-remote-two,2,sync-remote-two,3.0,normal,0,200,,3.6681,5.2865,1.6184
07-sync-remote-two,2,sync-remote-two,3.0,normal,1,200,,2.3972,3.5103,1.1131
07-sync-remote-two,2,sync-remote-two,3.0,normal,2,200,,2.2783,4.2604,1.9821
07-sync-remote-two,2,sync-remote-two,3.0,normal,3,200,,2.048,3.1543,1.1063
07-sync-remote-two,2,sync-remote-two,3.0,normal,4,200,,2.8763,3.9927,1.1163
07-sync-remote-two,2,sync-remote-two,3.0,normal,5,200,,4.1207,6.2467,2.1259
07-sync-remote-two,2,sync-remote-two,3.0,ai,2,200,False,8.0483,9.2272,1.1788
07-sync-remote-two,2,sync-remote-two,3.0,normal,6,200,,1.6318,2.765,1.1332
07-sync-remote-two,2,sync-remote-two,3.0,normal,7,200,,1.7459,2.8568,1.1109
07-sync-remote-two,2,sync-remote-two,3.0,ai,3,200,False,4.2805,5.366,1.0855
07-sync-remote-two,2,sync-remote-two,3.0,normal,8,200,,1.8375,2.9161,1.0786
07-sync-remote-two,2,sync-remote-two,3.0,normal,9,200,,2.0312,3.1348,1.1036
07-sync-remote-two,2,sync-remote-two,3.0,normal,10,200,,2.6226,4.5274,1.9048
07-sync-remote-two,2,sync-remote-two,3.0,ai,4,200,False,6.0458,7.2205,1.1747
07-sync-remote-two,2,sync-remote-two,3.0,normal,11,200,,2.7506,3.8857,1.1352
07-sync-remote-two,2,sync-remote-two,3.0,normal,12,200,,2.2183,3.3298,1.1115
07-sync-remote-two,2,sync-remote-two,3.0,ai,5,200,False,4.6854,5.7928,1.1075
07-sync-remote-two,2,sync-remote-two,3.0,normal,13,200,,2.7144,3.863,1.1486
07-sync-remote-two,2,sync-remote-two,3.0,normal,14,200,,4.2445,5.5289,1.2845
07-sync-remote-two,2,sync-remote-two,3.0,normal,15,200,,3.8043,5.8918,2.0875
07-sync-remote-two,2,sync-remote-two,3.0,ai,6,200,False,7.6191,8.8022,1.1831
07-sync-remote-two,2,sync-remote-two,3.0,normal,16,200,,4.3094,5.5179,1.2085
07-sync-remote-two,2,sync-remote-two,3.0,normal,17,200,,5.9816,7.1878,1.2062
07-sync-remote-two,2,sync-remote-two,3.0,ai,7,200,False,10.493,11.662,1.169
07-sync-remote-two,2,sync-remote-two,3.0,normal,18,200,,2.9483,4.0869,1.1386
07-sync-remote-two,2,sync-remote-two,3.0,normal,19,200,,2.7051,3.8378,1.1327
07-sync-remote-two,2,sync-remote-two,3.0,normal,20,200,,5.4009,7.636,2.2351
07-sync-remote-two,2,sync-remote-two,3.0,ai,8,200,False,9.1824,10.3419,1.1595
07-sync-remote-two,2,sync-remote-two,3.0,normal,21,200,,2.8534,3.909,1.0556
07-sync-remote-two,2,sync-remote-two,3.0,normal,22,200,,5.5525,6.7516,1.199
07-sync-remote-two,2,sync-remote-two,3.0,ai,9,200,False,9.2593,9.7028,0.4435
07-sync-remote-two,2,sync-remote-two,3.0,normal,23,200,,2.8113,3.9145,1.1033
07-sync-remote-two,2,sync-remote-two,3.0,normal,24,200,,3.6741,4.9137,1.2395
07-sync-remote-two,2,sync-remote-two,3.0,normal,25,200,,3.3012,5.2897,1.9885
07-sync-remote-two,2,sync-remote-two,3.0,ai,10,200,False,6.6393,7.8047,1.1654
07-sync-remote-two,2,sync-remote-two,3.0,normal,26,200,,2.8397,3.0838,0.2441
07-sync-remote-two,2,sync-remote-two,3.0,normal,27,200,,2.6021,3.7042,1.1021
07-sync-remote-two,2,sync-remote-two,3.0,ai,11,200,False,5.8915,7.0707,1.1792
07-sync-remote-two,2,sync-remote-two,3.0,normal,28,200,,2.2478,3.3655,1.1176
07-sync-remote-two,2,sync-remote-two,3.0,normal,29,200,,2.2722,3.3872,1.115
07-sync-remote-two,2,sync-remote-two,3.0,normal,30,200,,2.6706,3.1062,0.4356
07-sync-remote-two,2,sync-remote-two,3.0,ai,12,200,False,5.1376,6.1374,0.9998
07-sync-remote-two,2,sync-remote-two,3.0,normal,31,200,,1.6528,2.1271,0.4743
07-sync-remote-two,2,sync-remote-two,3.0,normal,32,200,,4.8147,5.9796,1.1649
07-sync-remote-two,2,sync-remote-two,3.0,ai,13,200,False,5.7957,6.8744,1.0787
07-sync-remote-two,2,sync-remote-two,3.0,normal,33,200,,3.2884,4.6547,1.3662
07-sync-remote-two,2,sync-remote-two,3.0,normal,34,200,,6.216,7.4424,1.2264
07-sync-remote-two,2,sync-remote-two,3.0,normal,35,200,,2.6066,3.5269,0.9202
07-sync-remote-two,2,sync-remote-two,3.0,ai,14,200,False,6.3622,6.6849,0.3227
07-sync-remote-two,2,sync-remote-two,3.0,normal,36,200,,4.8205,6.033,1.2125
07-sync-remote-two,2,sync-remote-two,3.0,normal,37,200,,5.6585,6.1315,0.473
07-sync-remote-two,2,sync-remote-two,3.0,ai,15,200,False,4.1448,5.247,1.1022
07-sync-remote-two,2,sync-remote-two,3.0,normal,38,200,,1.4694,2.548,1.0785
07-sync-remote-two,2,sync-remote-two,3.0,normal,39,200,,3.0199,4.1657,1.1459
07-sync-remote-two,2,sync-remote-two,3.0,normal,40,200,,6.294,8.8062,2.5122
07-sync-remote-two,2,sync-remote-two,3.0,ai,16,200,False,10.8896,12.2437,1.3541
07-sync-remote-two,2,sync-remote-two,3.0,normal,41,200,,3.3036,4.149,0.8453
07-sync-remote-two,2,sync-remote-two,3.0,normal,42,200,,4.7441,5.9633,1.2192
07-sync-remote-two,2,sync-remote-two,3.0,ai,17,200,False,9.4625,10.6544,1.192
07-sync-remote-two,2,sync-remote-two,3.0,normal,43,200,,2.9553,4.0478,1.0926
07-sync-remote-two,2,sync-remote-two,3.0,normal,44,200,,2.7461,3.8537,1.1076
07-sync-remote-two,2,sync-remote-two,3.0,normal,45,200,,3.4731,5.3321,1.859
07-sync-remote-two,2,sync-remote-two,3.0,ai,18,200,False,6.8856,8.0122,1.1266
07-sync-remote-two,2,sync-remote-two,3.0,normal,46,200,,3.1373,4.2884,1.1512
07-sync-remote-two,2,sync-remote-two,3.0,normal,47,200,,2.7939,3.922,1.1282
07-sync-remote-two,2,sync-remote-two,3.0,ai,19,200,False,5.5321,6.4699,0.9377
07-sync-remote-two,2,sync-remote-two,3.0,normal,48,200,,2.7027,3.8072,1.1045
07-sync-remote-two,2,sync-remote-two,3.0,normal,49,200,,4.2358,5.4304,1.1946
07-sync-remote-two,2,sync-remote-two,3.0,normal,50,200,,4.3816,6.9582,2.5766
07-sync-remote-two,2,sync-remote-two,3.0,ai,20,200,False,8.1908,9.4371,1.2463
07-sync-remote-two,2,sync-remote-two,3.0,normal,51,200,,3.8908,5.0951,1.2043
07-sync-remote-two,2,sync-remote-two,3.0,normal,52,200,,3.9828,5.1676,1.1848
07-sync-remote-two,2,sync-remote-two,3.0,ai,21,200,False,6.4971,7.6031,1.106
07-sync-remote-two,2,sync-remote-two,3.0,normal,53,200,,2.998,4.144,1.146
07-sync-remote-two,2,sync-remote-two,3.0,normal,54,200,,5.875,7.0735,1.1985
07-sync-remote-two,2,sync-remote-two,3.0,normal,55,200,,5.5941,7.8989,2.3048
07-sync-remote-two,2,sync-remote-two,3.0,ai,22,200,False,10.2738,11.4825,1.2087
07-sync-remote-two,2,sync-remote-two,3.0,normal,56,200,,2.674,3.7721,1.0981
07-sync-remote-two,2,sync-remote-two,3.0,normal,57,200,,3.8779,5.0793,1.2014
07-sync-remote-two,2,sync-remote-two,3.0,ai,23,200,False,7.3628,8.5377,1.1748
07-sync-remote-two,2,sync-remote-two,3.0,normal,58,200,,3.8724,4.9968,1.1245
07-sync-remote-two,2,sync-remote-two,3.0,normal,59,200,,5.0164,6.226,1.2097
07-sync-remote-two,2,sync-remote-two,3.0,normal,60,200,,5.4745,7.1651,1.6907
07-sync-remote-two,2,sync-remote-two,3.0,ai,24,200,False,20.7798,21.8885,1.1087
07-sync-remote-two,2,sync-remote-two,3.0,ai,0,200,True,3021.9091,3023.0168,1.1077
07-sync-remote-two,2,sync-remote-two,3.0,normal,61,200,,1.2974,2.3901,1.0927
07-sync-remote-two,2,sync-remote-two,3.0,normal,62,200,,5.3399,6.5285,1.1885
07-sync-remote-two,2,sync-remote-two,3.0,ai,1,200,True,3010.0098,3011.1014,1.0916
07-sync-remote-two,2,sync-remote-two,3.0,normal,63,200,,2.4364,3.5791,1.1427
07-sync-remote-two,2,sync-remote-two,3.0,normal,64,200,,2.0226,2.176,0.1533
07-sync-remote-two,2,sync-remote-two,3.0,normal,65,200,,6.8109,8.033,1.2221
07-sync-remote-two,2,sync-remote-two,3.0,normal,66,200,,2.8137,3.965,1.1513
07-sync-remote-two,2,sync-remote-two,3.0,normal,67,200,,3.7496,4.8697,1.1201
07-sync-remote-two,2,sync-remote-two,3.0,ai,27,200,False,7.8882,9.0882,1.2
07-sync-remote-two,2,sync-remote-two,3.0,normal,68,200,,3.114,4.4455,1.3315
07-sync-remote-two,2,sync-remote-two,3.0,normal,69,200,,1.9715,3.0625,1.0909
07-sync-remote-two,2,sync-remote-two,3.0,normal,70,200,,4.0895,5.8998,1.8102
07-sync-remote-two,2,sync-remote-two,3.0,ai,28,200,False,8.0256,9.1566,1.131
07-sync-remote-two,2,sync-remote-two,3.0,normal,71,200,,4.4761,5.6865,1.2104
07-sync-remote-two,2,sync-remote-two,3.0,normal,72,200,,4.716,5.9373,1.2213
07-sync-remote-two,2,sync-remote-two,3.0,ai,29,200,False,6.5823,7.1592,0.577
07-sync-remote-two,2,sync-remote-two,3.0,normal,73,200,,2.797,3.9055,1.1084
07-sync-remote-two,2,sync-remote-two,3.0,normal,74,200,,5.3665,6.582,1.2155
07-sync-remote-two,2,sync-remote-two,3.0,normal,75,200,,7.4295,8.6401,1.2106
07-sync-remote-two,2,sync-remote-two,3.0,ai,30,200,False,10.2512,12.9922,2.741
07-sync-remote-two,2,sync-remote-two,3.0,normal,76,200,,4.1592,4.928,0.7688
07-sync-remote-two,2,sync-remote-two,3.0,normal,77,200,,4.21,5.4073,1.1973
07-sync-remote-two,2,sync-remote-two,3.0,ai,31,200,False,8.5852,9.7847,1.1995
07-sync-remote-two,2,sync-remote-two,3.0,normal,78,200,,3.4218,4.5509,1.1291
07-sync-remote-two,2,sync-remote-two,3.0,normal,79,200,,3.9142,5.0943,1.1801
07-sync-remote-two,2,sync-remote-two,3.0,normal,80,200,,6.3086,7.5379,1.2293
07-sync-remote-two,2,sync-remote-two,3.0,ai,32,200,False,8.9279,11.555,2.6271
07-sync-remote-two,2,sync-remote-two,3.0,normal,81,200,,3.1004,4.2586,1.1582
07-sync-remote-two,2,sync-remote-two,3.0,normal,82,200,,3.7797,4.9105,1.1308
07-sync-remote-two,2,sync-remote-two,3.0,ai,33,200,False,9.0427,10.2357,1.193
07-sync-remote-two,2,sync-remote-two,3.0,normal,83,200,,4.0512,5.2178,1.1666
07-sync-remote-two,2,sync-remote-two,3.0,normal,84,200,,4.6495,5.839,1.1895
07-sync-remote-two,2,sync-remote-two,3.0,normal,85,200,,3.0341,3.949,0.9149
07-sync-remote-two,2,sync-remote-two,3.0,ai,34,200,False,6.8451,7.0315,0.1864
07-sync-remote-two,2,sync-remote-two,3.0,normal,86,200,,2.8994,3.9763,1.077
07-sync-remote-two,2,sync-remote-two,3.0,normal,87,200,,3.8404,5.0715,1.2311
07-sync-remote-two,2,sync-remote-two,3.0,ai,35,200,False,6.1755,7.271,1.0955
07-sync-remote-two,2,sync-remote-two,3.0,normal,88,200,,2.6805,3.7808,1.1003
07-sync-remote-two,2,sync-remote-two,3.0,normal,89,200,,3.8624,5.0164,1.154
07-sync-remote-two,2,sync-remote-two,3.0,normal,90,200,,3.9275,6.1905,2.263
07-sync-remote-two,2,sync-remote-two,3.0,ai,36,200,False,7.6809,8.8978,1.217
07-sync-remote-two,2,sync-remote-two,3.0,normal,91,200,,2.8488,3.6045,0.7556
07-sync-remote-two,2,sync-remote-two,3.0,normal,92,200,,6.9581,8.1475,1.1894
07-sync-remote-two,2,sync-remote-two,3.0,ai,37,200,False,7.6394,8.8132,1.1738
07-sync-remote-two,2,sync-remote-two,3.0,normal,93,200,,2.1197,2.6767,0.5571
07-sync-remote-two,2,sync-remote-two,3.0,normal,94,200,,1.777,2.8645,1.0875
07-sync-remote-two,2,sync-remote-two,3.0,normal,95,200,,2.4746,3.5527,1.0781
07-sync-remote-two,2,sync-remote-two,3.0,ai,38,200,False,4.8529,6.4819,1.629
07-sync-remote-two,2,sync-remote-two,3.0,normal,96,200,,3.0247,4.133,1.1084
07-sync-remote-two,2,sync-remote-two,3.0,normal,97,200,,1.7311,1.8562,0.1251
07-sync-remote-two,2,sync-remote-two,3.0,ai,39,200,False,3.8387,4.9224,1.0837
07-sync-remote-two,2,sync-remote-two,3.0,normal,98,200,,2.0885,3.1739,1.0853
07-sync-remote-two,2,sync-remote-two,3.0,normal,99,200,,1.2939,1.5762,0.2824
07-sync-remote-two,2,sync-remote-two,3.0,ai,25,200,True,3015.619,3016.7847,1.1656
07-sync-remote-two,2,sync-remote-two,3.0,ai,26,200,True,3017.716,3020.0499,2.3338
08-sync-direct-bounded,2,sync-direct-bounded,3.0,normal,0,200,,4.103,6.1245,2.0214
08-sync-direct-bounded,2,sync-direct-bounded,3.0,normal,1,200,,3.462,4.6067,1.1447
08-sync-direct-bounded,2,sync-direct-bounded,3.0,normal,2,200,,3.967,4.9366,0.9696
08-sync-direct-bounded,2,sync-direct-bounded,3.0,normal,3,200,,3.565,4.4883,0.9233
08-sync-direct-bounded,2,sync-direct-bounded,3.0,normal,4,200,,3.2596,4.4388,1.1792
08-sync-direct-bounded,2,sync-direct-bounded,3.0,normal,5,200,,3.623,6.0952,2.4721
08-sync-direct-bounded,2,sync-direct-bounded,3.0,ai,2,200,False,5.428,6.9228,1.4948
08-sync-direct-bounded,2,sync-direct-bounded,3.0,normal,6,200,,5.2255,7.1615,1.936
08-sync-direct-bounded,2,sync-direct-bounded,3.0,normal,7,200,,4.5935,6.2148,1.6213
08-sync-direct-bounded,2,sync-direct-bounded,3.0,ai,3,200,False,3.9921,5.4106,1.4185
08-sync-direct-bounded,2,sync-direct-bounded,3.0,normal,8,200,,4.2328,5.4247,1.1919
08-sync-direct-bounded,2,sync-direct-bounded,3.0,normal,9,200,,5.3159,5.8197,0.5038
08-sync-direct-bounded,2,sync-direct-bounded,3.0,ai,4,200,False,7.046,7.3163,0.2702
08-sync-direct-bounded,2,sync-direct-bounded,3.0,normal,10,200,,4.0071,7.4929,3.4857
08-sync-direct-bounded,2,sync-direct-bounded,3.0,normal,11,200,,3.5376,4.607,1.0694
08-sync-direct-bounded,2,sync-direct-bounded,3.0,normal,12,200,,4.3018,6.0394,1.7376
08-sync-direct-bounded,2,sync-direct-bounded,3.0,ai,5,200,False,5.142,6.1458,1.0038
08-sync-direct-bounded,2,sync-direct-bounded,3.0,normal,13,200,,3.4594,4.916,1.4565
08-sync-direct-bounded,2,sync-direct-bounded,3.0,normal,14,200,,4.1374,5.5503,1.4129
08-sync-direct-bounded,2,sync-direct-bounded,3.0,ai,6,200,False,5.8498,6.8339,0.9841
08-sync-direct-bounded,2,sync-direct-bounded,3.0,normal,15,200,,4.0748,7.0115,2.9367
08-sync-direct-bounded,2,sync-direct-bounded,3.0,normal,16,200,,4.833,5.7796,0.9466
08-sync-direct-bounded,2,sync-direct-bounded,3.0,normal,17,200,,4.2838,4.6732,0.3894
08-sync-direct-bounded,2,sync-direct-bounded,3.0,ai,7,200,False,2.877,3.8998,1.0228
08-sync-direct-bounded,2,sync-direct-bounded,3.0,normal,18,200,,4.1703,5.3386,1.1683
08-sync-direct-bounded,2,sync-direct-bounded,3.0,normal,19,200,,4.217,5.7563,1.5392
08-sync-direct-bounded,2,sync-direct-bounded,3.0,normal,20,200,,2.7967,5.2824,2.4857
08-sync-direct-bounded,2,sync-direct-bounded,3.0,ai,8,200,False,4.4566,5.4044,0.9478
08-sync-direct-bounded,2,sync-direct-bounded,3.0,normal,21,200,,3.5285,4.4643,0.9358
08-sync-direct-bounded,2,sync-direct-bounded,3.0,normal,22,200,,3.3786,4.8957,1.5171
08-sync-direct-bounded,2,sync-direct-bounded,3.0,ai,9,200,False,4.4686,5.4295,0.9609
08-sync-direct-bounded,2,sync-direct-bounded,3.0,normal,23,200,,3.8112,4.8029,0.9917
08-sync-direct-bounded,2,sync-direct-bounded,3.0,normal,24,200,,3.1642,5.8645,2.7002
08-sync-direct-bounded,2,sync-direct-bounded,3.0,ai,10,200,False,2.7325,3.6617,0.9292
08-sync-direct-bounded,2,sync-direct-bounded,3.0,normal,25,200,,3.3904,3.8068,0.4165
08-sync-direct-bounded,2,sync-direct-bounded,3.0,normal,26,200,,2.2704,3.2745,1.0041
08-sync-direct-bounded,2,sync-direct-bounded,3.0,normal,27,200,,2.6738,3.0715,0.3977
08-sync-direct-bounded,2,sync-direct-bounded,3.0,ai,11,200,False,2.8162,3.963,1.1468
08-sync-direct-bounded,2,sync-direct-bounded,3.0,normal,28,200,,3.097,3.4715,0.3745
08-sync-direct-bounded,2,sync-direct-bounded,3.0,normal,29,200,,2.1276,3.0778,0.9502
08-sync-direct-bounded,2,sync-direct-bounded,3.0,normal,30,200,,2.8306,4.0619,1.2313
08-sync-direct-bounded,2,sync-direct-bounded,3.0,ai,12,200,False,2.6186,4.463,1.8444
08-sync-direct-bounded,2,sync-direct-bounded,3.0,normal,31,200,,3.042,3.141,0.099
08-sync-direct-bounded,2,sync-direct-bounded,3.0,normal,32,200,,3.4937,4.6518,1.1581
08-sync-direct-bounded,2,sync-direct-bounded,3.0,ai,13,200,False,3.1057,5.239,2.1333
08-sync-direct-bounded,2,sync-direct-bounded,3.0,normal,33,200,,3.3429,4.4023,1.0594
08-sync-direct-bounded,2,sync-direct-bounded,3.0,normal,34,200,,5.6803,6.9808,1.3005
08-sync-direct-bounded,2,sync-direct-bounded,3.0,normal,35,200,,5.5398,8.9505,3.4107
08-sync-direct-bounded,2,sync-direct-bounded,3.0,ai,14,200,False,8.0131,9.3417,1.3287
08-sync-direct-bounded,2,sync-direct-bounded,3.0,normal,36,200,,3.4743,3.8339,0.3596
08-sync-direct-bounded,2,sync-direct-bounded,3.0,normal,37,200,,5.7693,6.7165,0.9472
08-sync-direct-bounded,2,sync-direct-bounded,3.0,ai,15,200,False,2.099,3.2099,1.1109
08-sync-direct-bounded,2,sync-direct-bounded,3.0,normal,38,200,,2.0444,2.5962,0.5518
08-sync-direct-bounded,2,sync-direct-bounded,3.0,normal,39,200,,4.3387,5.5106,1.1719
08-sync-direct-bounded,2,sync-direct-bounded,3.0,ai,16,200,False,5.2368,6.1317,0.8948
08-sync-direct-bounded,2,sync-direct-bounded,3.0,normal,40,200,,3.6769,6.2503,2.5734
08-sync-direct-bounded,2,sync-direct-bounded,3.0,normal,41,200,,4.9064,6.1226,1.2162
08-sync-direct-bounded,2,sync-direct-bounded,3.0,normal,42,200,,5.8631,6.8662,1.0031
08-sync-direct-bounded,2,sync-direct-bounded,3.0,ai,17,200,False,4.856,6.0452,1.1892
08-sync-direct-bounded,2,sync-direct-bounded,3.0,normal,43,200,,3.0387,4.8625,1.8238
08-sync-direct-bounded,2,sync-direct-bounded,3.0,normal,44,200,,4.6337,5.6507,1.017
08-sync-direct-bounded,2,sync-direct-bounded,3.0,ai,18,200,False,3.651,6.42,2.769
08-sync-direct-bounded,2,sync-direct-bounded,3.0,normal,45,200,,5.5443,6.5274,0.9831
08-sync-direct-bounded,2,sync-direct-bounded,3.0,normal,46,200,,5.493,6.072,0.579
08-sync-direct-bounded,2,sync-direct-bounded,3.0,normal,47,200,,3.9847,5.1856,1.2009
08-sync-direct-bounded,2,sync-direct-bounded,3.0,ai,19,200,False,2.826,3.1547,0.3287
08-sync-direct-bounded,2,sync-direct-bounded,3.0,normal,48,200,,3.3627,4.2745,0.9118
08-sync-direct-bounded,2,sync-direct-bounded,3.0,normal,49,200,,4.4466,6.0377,1.5911
08-sync-direct-bounded,2,sync-direct-bounded,3.0,normal,50,200,,6.4489,8.2134,1.7645
08-sync-direct-bounded,2,sync-direct-bounded,3.0,ai,20,200,False,3.0578,8.3307,5.2729
08-sync-direct-bounded,2,sync-direct-bounded,3.0,normal,51,200,,3.069,4.2203,1.1513
08-sync-direct-bounded,2,sync-direct-bounded,3.0,normal,52,200,,2.8125,4.0169,1.2045
08-sync-direct-bounded,2,sync-direct-bounded,3.0,ai,21,200,False,4.4813,5.6264,1.1451
08-sync-direct-bounded,2,sync-direct-bounded,3.0,normal,53,200,,3.2154,4.3692,1.1538
08-sync-direct-bounded,2,sync-direct-bounded,3.0,normal,54,200,,2.86,3.989,1.129
08-sync-direct-bounded,2,sync-direct-bounded,3.0,ai,22,200,False,2.8914,4.7319,1.8405
08-sync-direct-bounded,2,sync-direct-bounded,3.0,normal,55,200,,3.6618,4.8252,1.1633
08-sync-direct-bounded,2,sync-direct-bounded,3.0,normal,56,200,,2.6791,3.5442,0.865
08-sync-direct-bounded,2,sync-direct-bounded,3.0,normal,57,200,,4.554,6.1083,1.5543
08-sync-direct-bounded,2,sync-direct-bounded,3.0,ai,23,200,False,2.9463,3.9767,1.0303
08-sync-direct-bounded,2,sync-direct-bounded,3.0,normal,58,200,,2.8539,3.7523,0.8984
08-sync-direct-bounded,2,sync-direct-bounded,3.0,normal,59,200,,2.869,3.7714,0.9024
08-sync-direct-bounded,2,sync-direct-bounded,3.0,normal,60,200,,3.5816,3.8542,0.2726
08-sync-direct-bounded,2,sync-direct-bounded,3.0,ai,24,200,False,3.3154,3.9724,0.657
08-sync-direct-bounded,2,sync-direct-bounded,3.0,ai,0,200,True,3011.0244,3012.0905,1.0661
08-sync-direct-bounded,2,sync-direct-bounded,3.0,normal,61,200,,3.1412,4.3242,1.183
08-sync-direct-bounded,2,sync-direct-bounded,3.0,normal,62,200,,3.1938,4.3969,1.2031
08-sync-direct-bounded,2,sync-direct-bounded,3.0,ai,1,200,True,3009.12,3010.127,1.007
08-sync-direct-bounded,2,sync-direct-bounded,3.0,normal,63,200,,2.7094,3.6818,0.9724
08-sync-direct-bounded,2,sync-direct-bounded,3.0,normal,64,200,,2.9591,3.322,0.3629
08-sync-direct-bounded,2,sync-direct-bounded,3.0,normal,65,200,,3.499,4.7443,1.2453
08-sync-direct-bounded,2,sync-direct-bounded,3.0,normal,66,200,,3.9212,5.4768,1.5556
08-sync-direct-bounded,2,sync-direct-bounded,3.0,normal,67,200,,4.154,6.6184,2.4643
08-sync-direct-bounded,2,sync-direct-bounded,3.0,ai,27,200,False,3.9335,5.471,1.5375
08-sync-direct-bounded,2,sync-direct-bounded,3.0,normal,68,200,,4.4998,5.4945,0.9947
08-sync-direct-bounded,2,sync-direct-bounded,3.0,normal,69,200,,4.4992,5.4947,0.9955
08-sync-direct-bounded,2,sync-direct-bounded,3.0,ai,28,200,False,3.9095,6.3216,2.412
08-sync-direct-bounded,2,sync-direct-bounded,3.0,normal,70,200,,6.2986,6.5695,0.2709
08-sync-direct-bounded,2,sync-direct-bounded,3.0,normal,71,200,,4.5094,5.7257,1.2164
08-sync-direct-bounded,2,sync-direct-bounded,3.0,normal,72,200,,3.3224,5.2452,1.9228
08-sync-direct-bounded,2,sync-direct-bounded,3.0,ai,29,200,False,3.3442,4.5792,1.235
08-sync-direct-bounded,2,sync-direct-bounded,3.0,normal,73,200,,3.8122,4.7194,0.9072
08-sync-direct-bounded,2,sync-direct-bounded,3.0,normal,74,200,,4.3007,5.5982,1.2976
08-sync-direct-bounded,2,sync-direct-bounded,3.0,normal,75,200,,5.7722,6.8247,1.0525
08-sync-direct-bounded,2,sync-direct-bounded,3.0,ai,30,200,False,4.4935,6.9886,2.4951
08-sync-direct-bounded,2,sync-direct-bounded,3.0,normal,76,200,,2.5631,3.5612,0.9981
08-sync-direct-bounded,2,sync-direct-bounded,3.0,normal,77,200,,4.3924,5.5542,1.1618
08-sync-direct-bounded,2,sync-direct-bounded,3.0,ai,31,200,False,3.1409,3.8732,0.7323
08-sync-direct-bounded,2,sync-direct-bounded,3.0,normal,78,200,,2.4258,3.4272,1.0014
08-sync-direct-bounded,2,sync-direct-bounded,3.0,normal,79,200,,4.3232,5.2772,0.954
08-sync-direct-bounded,2,sync-direct-bounded,3.0,normal,80,200,,3.924,6.5778,2.6538
08-sync-direct-bounded,2,sync-direct-bounded,3.0,ai,32,200,False,5.4196,6.6965,1.2769
08-sync-direct-bounded,2,sync-direct-bounded,3.0,normal,81,200,,3.416,4.5621,1.1461
08-sync-direct-bounded,2,sync-direct-bounded,3.0,normal,82,200,,4.5704,5.7717,1.2013
08-sync-direct-bounded,2,sync-direct-bounded,3.0,ai,33,200,False,4.3155,5.5136,1.1982
08-sync-direct-bounded,2,sync-direct-bounded,3.0,normal,83,200,,5.0938,6.3277,1.2338
08-sync-direct-bounded,2,sync-direct-bounded,3.0,normal,84,200,,4.6552,5.5538,0.8985
08-sync-direct-bounded,2,sync-direct-bounded,3.0,ai,34,200,False,3.5985,4.5179,0.9194
08-sync-direct-bounded,2,sync-direct-bounded,3.0,normal,85,200,,2.6334,4.6299,1.9965
08-sync-direct-bounded,2,sync-direct-bounded,3.0,normal,86,200,,4.1955,6.4495,2.254
08-sync-direct-bounded,2,sync-direct-bounded,3.0,normal,87,200,,4.0621,5.9135,1.8514
08-sync-direct-bounded,2,sync-direct-bounded,3.0,ai,35,200,False,4.6999,5.8799,1.18
08-sync-direct-bounded,2,sync-direct-bounded,3.0,normal,88,200,,3.6664,4.8815,1.2151
08-sync-direct-bounded,2,sync-direct-bounded,3.0,normal,89,200,,3.4714,3.5935,0.1221
08-sync-direct-bounded,2,sync-direct-bounded,3.0,normal,90,200,,4.6848,5.938,1.2532
08-sync-direct-bounded,2,sync-direct-bounded,3.0,ai,36,200,False,3.7078,6.3443,2.6365
08-sync-direct-bounded,2,sync-direct-bounded,3.0,normal,91,200,,4.3466,6.1166,1.77
08-sync-direct-bounded,2,sync-direct-bounded,3.0,normal,92,200,,4.7427,6.0847,1.342
08-sync-direct-bounded,2,sync-direct-bounded,3.0,ai,37,200,False,2.9588,5.5955,2.6366
08-sync-direct-bounded,2,sync-direct-bounded,3.0,normal,93,200,,2.4174,3.3601,0.9427
08-sync-direct-bounded,2,sync-direct-bounded,3.0,normal,94,200,,3.4842,6.4493,2.9651
08-sync-direct-bounded,2,sync-direct-bounded,3.0,normal,95,200,,4.8774,7.9681,3.0907
08-sync-direct-bounded,2,sync-direct-bounded,3.0,ai,38,200,False,3.885,8.1004,4.2154
08-sync-direct-bounded,2,sync-direct-bounded,3.0,normal,96,200,,3.4037,4.6896,1.2859
08-sync-direct-bounded,2,sync-direct-bounded,3.0,normal,97,200,,2.9148,3.0682,0.1534
08-sync-direct-bounded,2,sync-direct-bounded,3.0,ai,39,200,False,2.7432,3.7076,0.9644
08-sync-direct-bounded,2,sync-direct-bounded,3.0,normal,98,200,,2.4741,3.3347,0.8606
08-sync-direct-bounded,2,sync-direct-bounded,3.0,normal,99,200,,5.5921,6.5494,0.9573
08-sync-direct-bounded,2,sync-direct-bounded,3.0,ai,25,200,True,3011.0303,3012.2162,1.1859
08-sync-direct-bounded,2,sync-direct-bounded,3.0,ai,26,200,True,3008.8426,3011.0977,2.2552
09-async-direct,2,async-direct,3.0,normal,0,200,,3.6639,5.4782,1.8143
09-async-direct,2,async-direct,3.0,normal,1,200,,3.3955,4.5644,1.169
09-async-direct,2,async-direct,3.0,normal,2,200,,3.4455,5.262,1.8165
09-async-direct,2,async-direct,3.0,normal,3,200,,3.0992,4.3106,1.2114
09-async-direct,2,async-direct,3.0,normal,4,200,,2.877,3.6881,0.8111
09-async-direct,2,async-direct,3.0,normal,5,200,,2.8507,4.7777,1.927
09-async-direct,2,async-direct,3.0,normal,6,200,,2.112,3.2639,1.152
09-async-direct,2,async-direct,3.0,normal,7,200,,2.2892,3.4234,1.1342
09-async-direct,2,async-direct,3.0,normal,8,200,,3.5694,4.6998,1.1303
09-async-direct,2,async-direct,3.0,normal,9,200,,3.5992,4.7247,1.1255
09-async-direct,2,async-direct,3.0,normal,10,200,,4.8982,6.0376,1.1395
09-async-direct,2,async-direct,3.0,normal,11,200,,2.8769,3.9642,1.0873
09-async-direct,2,async-direct,3.0,normal,12,200,,2.9492,4.0834,1.1342
09-async-direct,2,async-direct,3.0,normal,13,200,,2.7918,4.0285,1.2367
09-async-direct,2,async-direct,3.0,normal,14,200,,3.8997,5.1377,1.238
09-async-direct,2,async-direct,3.0,normal,15,200,,2.6833,4.4538,1.7705
09-async-direct,2,async-direct,3.0,normal,16,200,,2.8414,3.968,1.1266
09-async-direct,2,async-direct,3.0,normal,17,200,,3.8293,5.0487,1.2194
09-async-direct,2,async-direct,3.0,normal,18,200,,3.0962,4.2416,1.1454
09-async-direct,2,async-direct,3.0,normal,19,200,,14.0152,19.4243,5.4091
09-async-direct,2,async-direct,3.0,normal,20,200,,3.7003,6.0013,2.3011
09-async-direct,2,async-direct,3.0,normal,21,200,,3.6197,4.8553,1.2356
09-async-direct,2,async-direct,3.0,normal,22,200,,2.9617,4.1104,1.1487
09-async-direct,2,async-direct,3.0,normal,23,200,,2.654,3.7596,1.1056
09-async-direct,2,async-direct,3.0,normal,24,200,,4.0589,5.1844,1.1255
09-async-direct,2,async-direct,3.0,normal,25,200,,3.9735,5.9084,1.9349
09-async-direct,2,async-direct,3.0,normal,26,200,,3.6832,4.8448,1.1616
09-async-direct,2,async-direct,3.0,normal,27,200,,3.9459,5.1406,1.1947
09-async-direct,2,async-direct,3.0,normal,28,200,,3.0427,4.1702,1.1275
09-async-direct,2,async-direct,3.0,normal,29,200,,3.6059,4.78,1.1741
09-async-direct,2,async-direct,3.0,normal,30,200,,2.8894,4.853,1.9636
09-async-direct,2,async-direct,3.0,normal,31,200,,2.1207,2.6716,0.551
09-async-direct,2,async-direct,3.0,normal,32,200,,1.8358,2.9751,1.1393
09-async-direct,2,async-direct,3.0,normal,33,200,,1.9793,3.1135,1.1342
09-async-direct,2,async-direct,3.0,normal,34,200,,2.3501,3.4848,1.1347
09-async-direct,2,async-direct,3.0,normal,35,200,,2.9045,3.4861,0.5816
09-async-direct,2,async-direct,3.0,normal,36,200,,4.7455,5.9644,1.2188
09-async-direct,2,async-direct,3.0,normal,37,200,,3.9551,5.145,1.1899
09-async-direct,2,async-direct,3.0,normal,38,200,,2.606,3.7211,1.1152
09-async-direct,2,async-direct,3.0,normal,39,200,,4.1376,4.552,0.4144
09-async-direct,2,async-direct,3.0,normal,40,200,,3.3359,5.4607,2.1249
09-async-direct,2,async-direct,3.0,normal,41,200,,2.9103,4.027,1.1167
09-async-direct,2,async-direct,3.0,normal,42,200,,3.863,5.1681,1.3052
09-async-direct,2,async-direct,3.0,normal,43,200,,3.3108,3.9615,0.6507
09-async-direct,2,async-direct,3.0,normal,44,200,,3.1037,4.2369,1.1332
09-async-direct,2,async-direct,3.0,normal,45,200,,4.7919,7.1551,2.3632
09-async-direct,2,async-direct,3.0,normal,46,200,,3.8407,5.053,1.2123
09-async-direct,2,async-direct,3.0,normal,47,200,,6.4307,7.6567,1.2259
09-async-direct,2,async-direct,3.0,normal,48,200,,2.7363,3.8624,1.126
09-async-direct,2,async-direct,3.0,normal,49,200,,3.3575,4.501,1.1435
09-async-direct,2,async-direct,3.0,normal,50,200,,2.9811,4.8951,1.914
09-async-direct,2,async-direct,3.0,normal,51,200,,3.8028,4.6668,0.864
09-async-direct,2,async-direct,3.0,normal,52,200,,4.1687,5.3909,1.2222
09-async-direct,2,async-direct,3.0,normal,53,200,,3.0025,4.2048,1.2023
09-async-direct,2,async-direct,3.0,normal,54,200,,3.85,5.0641,1.2141
09-async-direct,2,async-direct,3.0,normal,55,200,,7.1095,8.3233,1.2138
09-async-direct,2,async-direct,3.0,normal,56,200,,4.014,5.2461,1.2321
09-async-direct,2,async-direct,3.0,normal,57,200,,4.0232,5.281,1.2578
09-async-direct,2,async-direct,3.0,normal,58,200,,3.873,5.0898,1.2168
09-async-direct,2,async-direct,3.0,normal,59,200,,4.357,4.5721,0.2151
09-async-direct,2,async-direct,3.0,normal,60,200,,3.5099,5.3548,1.845
09-async-direct,2,async-direct,3.0,ai,0,200,True,3007.8023,3008.9541,1.1518
09-async-direct,2,async-direct,3.0,normal,61,200,,2.7558,3.8972,1.1415
09-async-direct,2,async-direct,3.0,normal,62,200,,3.9775,5.185,1.2074
09-async-direct,2,async-direct,3.0,ai,1,200,True,3008.1424,3009.2711,1.1287
09-async-direct,2,async-direct,3.0,normal,63,200,,2.6445,3.7743,1.1299
09-async-direct,2,async-direct,3.0,normal,64,200,,2.6432,3.1893,0.5461
09-async-direct,2,async-direct,3.0,normal,65,200,,3.7761,6.3282,2.5521
09-async-direct,2,async-direct,3.0,ai,2,200,True,3009.8307,3010.969,1.1383
09-async-direct,2,async-direct,3.0,normal,66,200,,4.2463,5.5248,1.2785
09-async-direct,2,async-direct,3.0,normal,67,200,,3.9398,5.1444,1.2046
09-async-direct,2,async-direct,3.0,ai,3,200,True,3009.2118,3010.3439,1.1321
09-async-direct,2,async-direct,3.0,normal,68,200,,2.5805,2.7719,0.1914
09-async-direct,2,async-direct,3.0,normal,69,200,,3.5863,4.7103,1.124
09-async-direct,2,async-direct,3.0,normal,70,200,,4.7262,6.1157,1.3895
09-async-direct,2,async-direct,3.0,ai,4,200,True,3008.8728,3011.1032,2.2304
09-async-direct,2,async-direct,3.0,normal,71,200,,3.098,4.2298,1.1318
09-async-direct,2,async-direct,3.0,normal,72,200,,3.4815,4.6811,1.1996
09-async-direct,2,async-direct,3.0,ai,5,200,True,3008.6796,3009.8891,1.2095
09-async-direct,2,async-direct,3.0,normal,73,200,,2.9299,4.0657,1.1358
09-async-direct,2,async-direct,3.0,normal,74,200,,3.9988,5.2004,1.2016
09-async-direct,2,async-direct,3.0,normal,75,200,,3.4158,4.827,1.4113
09-async-direct,2,async-direct,3.0,ai,6,200,True,3008.8572,3010.0142,1.157
09-async-direct,2,async-direct,3.0,normal,76,200,,4.2375,5.4967,1.2592
09-async-direct,2,async-direct,3.0,normal,77,200,,4.2435,5.453,1.2095
09-async-direct,2,async-direct,3.0,ai,7,200,True,3009.9707,3011.1621,1.1914
09-async-direct,2,async-direct,3.0,normal,78,200,,2.8639,3.9708,1.1069
09-async-direct,2,async-direct,3.0,normal,79,200,,2.274,3.4081,1.1341
09-async-direct,2,async-direct,3.0,normal,80,200,,2.5121,4.7267,2.2146
09-async-direct,2,async-direct,3.0,ai,8,200,True,3008.4016,3009.6361,1.2345
09-async-direct,2,async-direct,3.0,normal,81,200,,3.4267,4.5962,1.1695
09-async-direct,2,async-direct,3.0,normal,82,200,,4.048,5.2636,1.2156
09-async-direct,2,async-direct,3.0,ai,9,200,True,3007.8202,3008.9531,1.1329
09-async-direct,2,async-direct,3.0,normal,83,200,,3.1472,4.2301,1.0829
09-async-direct,2,async-direct,3.0,normal,84,200,,4.0007,5.1992,1.1985
09-async-direct,2,async-direct,3.0,normal,85,200,,3.4343,4.5272,1.0929
09-async-direct,2,async-direct,3.0,ai,10,200,True,3009.2345,3010.3752,1.1407
09-async-direct,2,async-direct,3.0,normal,86,200,,3.8179,5.0168,1.1989
09-async-direct,2,async-direct,3.0,normal,87,200,,4.042,5.3691,1.3272
09-async-direct,2,async-direct,3.0,ai,11,200,True,3009.2974,3010.1454,0.848
09-async-direct,2,async-direct,3.0,normal,88,200,,2.5817,3.6731,1.0914
09-async-direct,2,async-direct,3.0,normal,89,200,,3.7478,4.8695,1.1217
09-async-direct,2,async-direct,3.0,normal,90,200,,2.5576,4.446,1.8883
09-async-direct,2,async-direct,3.0,ai,12,200,True,3007.9845,3009.2407,1.2562
09-async-direct,2,async-direct,3.0,normal,91,200,,2.9355,4.042,1.1065
09-async-direct,2,async-direct,3.0,normal,92,200,,4.2158,5.4222,1.2064
09-async-direct,2,async-direct,3.0,ai,13,200,True,3007.3982,3008.4751,1.077
09-async-direct,2,async-direct,3.0,normal,93,200,,2.585,3.6966,1.1116
09-async-direct,2,async-direct,3.0,normal,94,200,,2.7971,3.9291,1.132
09-async-direct,2,async-direct,3.0,normal,95,200,,3.4865,5.7986,2.3121
09-async-direct,2,async-direct,3.0,ai,14,200,True,3008.3181,3008.4141,0.096
09-async-direct,2,async-direct,3.0,normal,96,200,,2.9927,4.1237,1.131
09-async-direct,2,async-direct,3.0,normal,97,200,,2.6259,3.7493,1.1234
09-async-direct,2,async-direct,3.0,ai,15,200,True,3008.9094,3009.81,0.9006
09-async-direct,2,async-direct,3.0,normal,98,200,,2.9158,3.336,0.4201
09-async-direct,2,async-direct,3.0,normal,99,200,,5.0372,6.2116,1.1744
09-async-direct,2,async-direct,3.0,ai,16,200,True,3012.744,3013.9342,1.1901
09-async-direct,2,async-direct,3.0,ai,17,200,True,3009.9751,3011.1991,1.224
09-async-direct,2,async-direct,3.0,ai,18,200,True,3011.6689,3012.8933,1.2244
09-async-direct,2,async-direct,3.0,ai,19,200,True,3012.2647,3013.2123,0.9476
09-async-direct,2,async-direct,3.0,ai,20,200,True,3011.9759,3013.1337,1.1578
09-async-direct,2,async-direct,3.0,ai,21,200,True,3012.851,3014.036,1.1851
09-async-direct,2,async-direct,3.0,ai,22,200,True,3015.301,3017.6159,2.3149
09-async-direct,2,async-direct,3.0,ai,23,200,True,3015.7148,3016.3733,0.6585
09-async-direct,2,async-direct,3.0,ai,24,200,True,3011.8175,3012.9447,1.1272
09-async-direct,2,async-direct,3.0,ai,25,200,True,3011.6851,3012.823,1.1378
09-async-direct,2,async-direct,3.0,ai,26,200,True,3012.4803,3013.7507,1.2705
09-async-direct,2,async-direct,3.0,ai,27,200,True,3010.993,3011.9232,0.9302
09-async-direct,2,async-direct,3.0,ai,28,200,True,3008.7834,3011.515,2.7317
09-async-direct,2,async-direct,3.0,ai,29,200,True,3007.2993,3008.4347,1.1355
09-async-direct,2,async-direct,3.0,ai,30,200,True,3010.1522,3010.4302,0.278
09-async-direct,2,async-direct,3.0,ai,31,200,True,3012.0253,3013.2171,1.1917
09-async-direct,2,async-direct,3.0,ai,32,200,True,3011.319,3012.5254,1.2064
09-async-direct,2,async-direct,3.0,ai,33,200,True,3008.2238,3009.3157,1.0919
09-async-direct,2,async-direct,3.0,ai,34,200,True,3006.8481,3008.5734,1.7253
09-async-direct,2,async-direct,3.0,ai,35,200,True,3009.0953,3010.0767,0.9815
09-async-direct,2,async-direct,3.0,ai,36,200,True,3012.3518,3013.496,1.1442
09-async-direct,2,async-direct,3.0,ai,37,200,True,3012.8345,3014.0704,1.2359
09-async-direct,2,async-direct,3.0,ai,38,200,True,3011.4527,3012.6553,1.2027
09-async-direct,2,async-direct,3.0,ai,39,200,True,3011.8045,3012.951,1.1465
10-sync-remote-wide,2,sync-remote-wide,3.0,normal,0,200,,4.2438,6.0011,1.7573
10-sync-remote-wide,2,sync-remote-wide,3.0,normal,1,200,,1.7962,2.886,1.0899
10-sync-remote-wide,2,sync-remote-wide,3.0,normal,2,200,,2.5081,3.6333,1.1252
10-sync-remote-wide,2,sync-remote-wide,3.0,normal,3,200,,2.4935,3.4285,0.935
10-sync-remote-wide,2,sync-remote-wide,3.0,normal,4,200,,2.4628,3.5803,1.1175
10-sync-remote-wide,2,sync-remote-wide,3.0,normal,5,200,,6.9318,9.4005,2.4688
10-sync-remote-wide,2,sync-remote-wide,3.0,normal,6,200,,4.137,5.3613,1.2243
10-sync-remote-wide,2,sync-remote-wide,3.0,normal,7,200,,6.8114,8.0207,1.2093
10-sync-remote-wide,2,sync-remote-wide,3.0,normal,8,200,,2.0312,3.1278,1.0967
10-sync-remote-wide,2,sync-remote-wide,3.0,normal,9,200,,4.0882,5.2694,1.1812
10-sync-remote-wide,2,sync-remote-wide,3.0,normal,10,200,,5.7822,8.2729,2.4907
10-sync-remote-wide,2,sync-remote-wide,3.0,normal,11,200,,3.2738,4.4095,1.1357
10-sync-remote-wide,2,sync-remote-wide,3.0,normal,12,200,,4.1919,5.4027,1.2107
10-sync-remote-wide,2,sync-remote-wide,3.0,normal,13,200,,2.8613,3.7305,0.8692
10-sync-remote-wide,2,sync-remote-wide,3.0,normal,14,200,,2.5949,3.7358,1.1409
10-sync-remote-wide,2,sync-remote-wide,3.0,normal,15,200,,2.4023,4.1082,1.706
10-sync-remote-wide,2,sync-remote-wide,3.0,normal,16,200,,2.0729,3.2211,1.1482
10-sync-remote-wide,2,sync-remote-wide,3.0,normal,17,200,,2.6175,3.8936,1.2761
10-sync-remote-wide,2,sync-remote-wide,3.0,ai,0,200,True,3012.3467,3013.4592,1.1124
10-sync-remote-wide,2,sync-remote-wide,3.0,normal,18,200,,2113.472,2114.607,1.135
10-sync-remote-wide,2,sync-remote-wide,3.0,normal,19,200,,2063.6922,2064.8049,1.1126
10-sync-remote-wide,2,sync-remote-wide,3.0,ai,1,200,True,3013.8123,3014.9009,1.0887
10-sync-remote-wide,2,sync-remote-wide,3.0,normal,20,200,,2138.9633,2140.8847,1.9214
10-sync-remote-wide,2,sync-remote-wide,3.0,normal,21,200,,2089.9399,2091.096,1.1561
10-sync-remote-wide,2,sync-remote-wide,3.0,normal,22,200,,2040.4231,2041.6437,1.2206
10-sync-remote-wide,2,sync-remote-wide,3.0,ai,2,200,True,3019.5528,3020.7937,1.2409
10-sync-remote-wide,2,sync-remote-wide,3.0,normal,23,200,,2122.1908,2122.9204,0.7296
10-sync-remote-wide,2,sync-remote-wide,3.0,normal,24,200,,2071.8945,2073.099,1.2045
10-sync-remote-wide,2,sync-remote-wide,3.0,normal,25,200,,2022.0579,2023.2899,1.232
10-sync-remote-wide,2,sync-remote-wide,3.0,ai,3,200,True,3014.5957,3015.7422,1.1464
10-sync-remote-wide,2,sync-remote-wide,3.0,normal,26,200,,2090.9178,2091.9167,0.9989
10-sync-remote-wide,2,sync-remote-wide,3.0,normal,27,200,,2041.805,2042.1242,0.3192
10-sync-remote-wide,2,sync-remote-wide,3.0,ai,4,200,True,3022.1299,3023.3646,1.2347
10-sync-remote-wide,2,sync-remote-wide,3.0,normal,28,200,,2122.9115,2124.0476,1.1361
10-sync-remote-wide,2,sync-remote-wide,3.0,normal,29,200,,2073.6928,2074.9112,1.2184
10-sync-remote-wide,2,sync-remote-wide,3.0,ai,5,200,True,3016.3263,3017.4967,1.1705
10-sync-remote-wide,2,sync-remote-wide,3.0,normal,30,200,,2140.587,2143.0617,2.4747
10-sync-remote-wide,2,sync-remote-wide,3.0,normal,31,200,,2092.5262,2093.7487,1.2225
10-sync-remote-wide,2,sync-remote-wide,3.0,normal,32,200,,2042.7989,2043.945,1.1462
10-sync-remote-wide,2,sync-remote-wide,3.0,ai,6,200,True,3014.0787,3015.2157,1.137
10-sync-remote-wide,2,sync-remote-wide,3.0,normal,33,200,,2115.1372,2116.346,1.2089
10-sync-remote-wide,2,sync-remote-wide,3.0,normal,34,200,,2065.3776,2066.5267,1.1491
10-sync-remote-wide,2,sync-remote-wide,3.0,ai,7,200,True,3017.817,3018.9493,1.1324
10-sync-remote-wide,2,sync-remote-wide,3.0,normal,35,200,,2143.0348,2145.6133,2.5785
10-sync-remote-wide,2,sync-remote-wide,3.0,normal,36,200,,2094.772,2095.9812,1.2092
10-sync-remote-wide,2,sync-remote-wide,3.0,normal,37,200,,2045.6272,2046.8162,1.189
10-sync-remote-wide,2,sync-remote-wide,3.0,ai,8,200,True,5020.7189,5021.8709,1.152
10-sync-remote-wide,2,sync-remote-wide,3.0,normal,38,200,,4121.6911,4122.8747,1.1836
10-sync-remote-wide,2,sync-remote-wide,3.0,normal,39,200,,4072.8045,4073.9844,1.1799
10-sync-remote-wide,2,sync-remote-wide,3.0,normal,40,200,,4023.015,4024.2399,1.2249
10-sync-remote-wide,2,sync-remote-wide,3.0,ai,9,200,True,5023.2173,5024.5864,1.3692
10-sync-remote-wide,2,sync-remote-wide,3.0,normal,41,200,,4098.9552,4100.1512,1.196
10-sync-remote-wide,2,sync-remote-wide,3.0,normal,42,200,,4049.5577,4050.7715,1.2138
10-sync-remote-wide,2,sync-remote-wide,3.0,ai,10,200,True,5029.6304,5032.1297,2.4993
10-sync-remote-wide,2,sync-remote-wide,3.0,normal,43,200,,4132.4005,4133.571,1.1705
10-sync-remote-wide,2,sync-remote-wide,3.0,normal,44,200,,4083.0046,4084.1476,1.143
10-sync-remote-wide,2,sync-remote-wide,3.0,normal,45,200,,4033.7908,4035.0145,1.2237
10-sync-remote-wide,2,sync-remote-wide,3.0,ai,11,200,True,5022.5938,5023.7503,1.1565
10-sync-remote-wide,2,sync-remote-wide,3.0,normal,46,200,,4098.8575,4100.0705,1.2129
10-sync-remote-wide,2,sync-remote-wide,3.0,normal,47,200,,4049.3699,4050.5587,1.1888
10-sync-remote-wide,2,sync-remote-wide,3.0,ai,12,200,True,5035.8054,5037.0436,1.2382
10-sync-remote-wide,2,sync-remote-wide,3.0,normal,48,200,,4138.9423,4140.0074,1.065
10-sync-remote-wide,2,sync-remote-wide,3.0,normal,49,200,,4089.8345,4090.9592,1.1248
10-sync-remote-wide,2,sync-remote-wide,3.0,ai,13,200,True,5027.9038,5029.1136,1.2098
10-sync-remote-wide,2,sync-remote-wide,3.0,normal,50,200,,4154.755,4156.318,1.563
10-sync-remote-wide,2,sync-remote-wide,3.0,normal,51,200,,4105.7174,4106.8711,1.1537
10-sync-remote-wide,2,sync-remote-wide,3.0,normal,52,200,,4057.5975,4058.1457,0.5482
10-sync-remote-wide,2,sync-remote-wide,3.0,ai,14,200,True,5023.0355,5024.4485,1.413
10-sync-remote-wide,2,sync-remote-wide,3.0,normal,53,200,,4124.8192,4125.9188,1.0996
10-sync-remote-wide,2,sync-remote-wide,3.0,normal,54,200,,4075.3962,4076.6154,1.2192
10-sync-remote-wide,2,sync-remote-wide,3.0,ai,15,200,True,5027.7288,5028.9458,1.217
10-sync-remote-wide,2,sync-remote-wide,3.0,normal,55,200,,4155.6531,4157.8917,2.2386
10-sync-remote-wide,2,sync-remote-wide,3.0,normal,56,200,,4109.265,4109.4436,0.1787
10-sync-remote-wide,2,sync-remote-wide,3.0,normal,57,200,,4059.0231,4060.2044,1.1813
10-sync-remote-wide,2,sync-remote-wide,3.0,ai,16,200,True,7030.298,7032.6165,2.3185
10-sync-remote-wide,2,sync-remote-wide,3.0,normal,58,200,,6132.6982,6133.9008,1.2026
10-sync-remote-wide,2,sync-remote-wide,3.0,normal,59,200,,6084.2408,6085.069,0.8282
10-sync-remote-wide,2,sync-remote-wide,3.0,normal,60,200,,6034.301,6035.7032,1.4022
10-sync-remote-wide,2,sync-remote-wide,3.0,ai,17,200,True,7034.267,7035.4843,1.2173
10-sync-remote-wide,2,sync-remote-wide,3.0,normal,61,200,,6110.9524,6112.0522,1.0997
10-sync-remote-wide,2,sync-remote-wide,3.0,normal,62,200,,6062.2161,6063.3789,1.1628
10-sync-remote-wide,2,sync-remote-wide,3.0,ai,18,200,True,7041.8376,7044.3947,2.5571
10-sync-remote-wide,2,sync-remote-wide,3.0,normal,63,200,,6145.5336,6146.6313,1.0977
10-sync-remote-wide,2,sync-remote-wide,3.0,normal,64,200,,6096.7198,6097.992,1.2721
10-sync-remote-wide,2,sync-remote-wide,3.0,normal,65,200,,6048.0963,6049.3283,1.232
10-sync-remote-wide,2,sync-remote-wide,3.0,ai,19,200,True,7028.9696,7029.8007,0.8311
10-sync-remote-wide,2,sync-remote-wide,3.0,normal,66,200,,6105.1206,6106.2434,1.1228
10-sync-remote-wide,2,sync-remote-wide,3.0,normal,67,200,,6055.9057,6057.0789,1.1732
10-sync-remote-wide,2,sync-remote-wide,3.0,ai,20,200,True,7048.8437,7049.9352,1.0916
10-sync-remote-wide,2,sync-remote-wide,3.0,normal,68,200,,6151.6342,6152.3567,0.7225
10-sync-remote-wide,2,sync-remote-wide,3.0,normal,69,200,,6103.0383,6104.1528,1.1145
10-sync-remote-wide,2,sync-remote-wide,3.0,ai,21,200,True,7038.5318,7039.6315,1.0996
10-sync-remote-wide,2,sync-remote-wide,3.0,normal,70,200,,6163.6676,6166.4447,2.7771
10-sync-remote-wide,2,sync-remote-wide,3.0,normal,71,200,,6117.244,6118.3601,1.1161
10-sync-remote-wide,2,sync-remote-wide,3.0,normal,72,200,,6068.4672,6069.6716,1.2044
10-sync-remote-wide,2,sync-remote-wide,3.0,ai,22,200,True,7035.0045,7036.1925,1.188
10-sync-remote-wide,2,sync-remote-wide,3.0,normal,73,200,,6138.4162,6139.0117,0.5956
10-sync-remote-wide,2,sync-remote-wide,3.0,normal,74,200,,6089.7791,6090.8663,1.0872
10-sync-remote-wide,2,sync-remote-wide,3.0,normal,75,200,,6041.1882,6042.1681,0.98
10-sync-remote-wide,2,sync-remote-wide,3.0,ai,23,200,True,7042.544,7043.7364,1.1924
10-sync-remote-wide,2,sync-remote-wide,3.0,normal,76,200,,6121.6147,6122.6571,1.0424
10-sync-remote-wide,2,sync-remote-wide,3.0,normal,77,200,,6073.1573,6074.2447,1.0874
10-sync-remote-wide,2,sync-remote-wide,3.0,normal,79,200,,8098.3438,8099.4793,1.1355
10-sync-remote-wide,2,sync-remote-wide,3.0,ai,24,200,True,9047.2216,9049.8529,2.6313
10-sync-remote-wide,2,sync-remote-wide,3.0,normal,78,200,,8149.9863,8150.4691,0.4827
10-sync-remote-wide,2,sync-remote-wide,3.0,ai,25,200,True,9044.7513,9045.9226,1.1714
10-sync-remote-wide,2,sync-remote-wide,3.0,normal,80,200,,8171.7802,8173.7485,1.9682
10-sync-remote-wide,2,sync-remote-wide,3.0,normal,81,200,,8124.0155,8124.722,0.7065
10-sync-remote-wide,2,sync-remote-wide,3.0,normal,82,200,,8074.277,8075.4872,1.2102
10-sync-remote-wide,2,sync-remote-wide,3.0,ai,26,200,True,9050.7722,9053.3007,2.5285
10-sync-remote-wide,2,sync-remote-wide,3.0,normal,83,200,,8154.6589,8155.8655,1.2065
10-sync-remote-wide,2,sync-remote-wide,3.0,normal,84,200,,8105.4883,8106.7075,1.2191
10-sync-remote-wide,2,sync-remote-wide,3.0,normal,85,200,,8056.2832,8057.5376,1.2544
10-sync-remote-wide,2,sync-remote-wide,3.0,ai,27,200,True,9037.9944,9038.4122,0.4178
10-sync-remote-wide,2,sync-remote-wide,3.0,normal,86,200,,8113.8111,8115.0386,1.2275
10-sync-remote-wide,2,sync-remote-wide,3.0,normal,87,200,,8065.1815,8066.451,1.2695
10-sync-remote-wide,2,sync-remote-wide,3.0,ai,28,200,True,9055.4383,9056.6475,1.2092
10-sync-remote-wide,2,sync-remote-wide,3.0,normal,88,200,,8157.4353,8158.6078,1.1725
10-sync-remote-wide,2,sync-remote-wide,3.0,normal,89,200,,8108.2078,8109.515,1.3072
10-sync-remote-wide,2,sync-remote-wide,3.0,normal,90,200,,8059.2034,8060.3628,1.1594
10-sync-remote-wide,2,sync-remote-wide,3.0,ai,29,200,True,9046.5698,9047.7862,1.2165
10-sync-remote-wide,2,sync-remote-wide,3.0,normal,91,200,,8124.5183,8124.6965,0.1782
10-sync-remote-wide,2,sync-remote-wide,3.0,normal,92,200,,8074.348,8075.4894,1.1413
10-sync-remote-wide,2,sync-remote-wide,3.0,ai,30,200,True,9046.0632,9047.7783,1.7151
10-sync-remote-wide,2,sync-remote-wide,3.0,normal,93,200,,8148.9077,8149.9385,1.0308
10-sync-remote-wide,2,sync-remote-wide,3.0,normal,94,200,,8100.4023,8101.4805,1.0782
10-sync-remote-wide,2,sync-remote-wide,3.0,ai,31,200,True,9054.6217,9055.7821,1.1604
10-sync-remote-wide,2,sync-remote-wide,3.0,normal,95,200,,8182.367,8183.9045,1.5375
10-sync-remote-wide,2,sync-remote-wide,3.0,normal,96,200,,8134.4903,8135.5912,1.1008
10-sync-remote-wide,2,sync-remote-wide,3.0,normal,97,200,,8085.7915,8086.9126,1.1212
10-sync-remote-wide,2,sync-remote-wide,3.0,normal,99,200,,10107.9861,10109.2232,1.2371
10-sync-remote-wide,2,sync-remote-wide,3.0,ai,32,200,True,11058.5387,11059.6893,1.1507
10-sync-remote-wide,2,sync-remote-wide,3.0,normal,98,200,,10159.4337,10160.5613,1.1277
10-sync-remote-wide,2,sync-remote-wide,3.0,ai,33,200,True,11054.9904,11056.1834,1.193
10-sync-remote-wide,2,sync-remote-wide,3.0,ai,34,200,True,11060.1458,11062.898,2.7522
10-sync-remote-wide,2,sync-remote-wide,3.0,ai,35,200,True,11046.6784,11048.0762,1.3978
10-sync-remote-wide,2,sync-remote-wide,3.0,ai,36,200,True,11065.9302,11068.0073,2.0772
10-sync-remote-wide,2,sync-remote-wide,3.0,ai,37,200,True,11057.6269,11058.0484,0.4215
10-sync-remote-wide,2,sync-remote-wide,3.0,ai,38,200,True,11057.5724,11058.6745,1.1021
10-sync-remote-wide,2,sync-remote-wide,3.0,ai,39,200,True,11067.7309,11069.3838,1.653
11-sync-direct,2,sync-direct,3.0,normal,0,200,,3.9149,5.7473,1.8325
11-sync-direct,2,sync-direct,3.0,normal,1,200,,3.0472,3.9749,0.9277
11-sync-direct,2,sync-direct,3.0,normal,2,200,,3.8295,5.6335,1.804
11-sync-direct,2,sync-direct,3.0,normal,3,200,,3.3066,4.4257,1.119
11-sync-direct,2,sync-direct,3.0,normal,4,200,,2.2324,3.0129,0.7805
11-sync-direct,2,sync-direct,3.0,normal,5,200,,3.7276,6.8341,3.1065
11-sync-direct,2,sync-direct,3.0,normal,6,200,,3.614,5.9371,2.3232
11-sync-direct,2,sync-direct,3.0,normal,7,200,,4.7315,5.6983,0.9668
11-sync-direct,2,sync-direct,3.0,normal,8,200,,2.0322,3.2817,1.2495
11-sync-direct,2,sync-direct,3.0,normal,9,200,,3.9651,5.3488,1.3838
11-sync-direct,2,sync-direct,3.0,normal,10,200,,3.7632,6.1298,2.3666
11-sync-direct,2,sync-direct,3.0,normal,11,200,,3.6068,4.9194,1.3126
11-sync-direct,2,sync-direct,3.0,normal,12,200,,4.6027,7.303,2.7002
11-sync-direct,2,sync-direct,3.0,normal,13,200,,3.5595,4.7199,1.1604
11-sync-direct,2,sync-direct,3.0,normal,14,200,,5.3715,6.1338,0.7624
11-sync-direct,2,sync-direct,3.0,normal,15,200,,1.7881,3.503,1.7149
11-sync-direct,2,sync-direct,3.0,normal,16,200,,2.9346,3.5105,0.5759
11-sync-direct,2,sync-direct,3.0,normal,17,200,,2.0366,3.3867,1.3502
11-sync-direct,2,sync-direct,3.0,ai,0,200,True,3010.0442,3010.8015,0.7574
11-sync-direct,2,sync-direct,3.0,normal,18,200,,2110.9647,2111.6189,0.6542
11-sync-direct,2,sync-direct,3.0,normal,19,200,,2061.0757,2061.8212,0.7455
11-sync-direct,2,sync-direct,3.0,ai,1,200,True,3010.6053,3011.3773,0.772
11-sync-direct,2,sync-direct,3.0,normal,20,200,,2136.0463,2137.5882,1.5419
11-sync-direct,2,sync-direct,3.0,normal,21,200,,2088.4784,2089.1847,0.7063
11-sync-direct,2,sync-direct,3.0,normal,22,200,,2039.0963,2039.3954,0.2991
11-sync-direct,2,sync-direct,3.0,ai,2,200,True,3011.5984,3012.777,1.1786
11-sync-direct,2,sync-direct,3.0,normal,23,200,,2113.8922,2114.5959,0.7037
11-sync-direct,2,sync-direct,3.0,normal,24,200,,2063.7749,2064.8893,1.1144
11-sync-direct,2,sync-direct,3.0,ai,3,200,True,3008.2505,3010.9375,2.687
11-sync-direct,2,sync-direct,3.0,normal,25,200,,2135.8423,2137.0268,1.1845
11-sync-direct,2,sync-direct,3.0,normal,26,200,,2086.9373,2088.185,1.2477
11-sync-direct,2,sync-direct,3.0,normal,27,200,,2038.0038,2038.8989,0.8951
11-sync-direct,2,sync-direct,3.0,ai,4,200,True,3009.7818,3010.9062,1.1244
11-sync-direct,2,sync-direct,3.0,normal,28,200,,2110.7535,2111.6062,0.8527
11-sync-direct,2,sync-direct,3.0,normal,29,200,,2061.4019,2062.3066,0.9047
11-sync-direct,2,sync-direct,3.0,ai,5,200,True,3010.8125,3013.0096,2.1971
11-sync-direct,2,sync-direct,3.0,normal,30,200,,2135.5832,2138.8465,3.2633
11-sync-direct,2,sync-direct,3.0,normal,31,200,,2088.9959,2089.2516,0.2557
11-sync-direct,2,sync-direct,3.0,normal,32,200,,2038.1694,2039.6717,1.5023
11-sync-direct,2,sync-direct,3.0,ai,6,200,True,3009.1228,3010.3842,1.2613
11-sync-direct,2,sync-direct,3.0,normal,33,200,,2110.4667,2111.5814,1.1147
11-sync-direct,2,sync-direct,3.0,normal,34,200,,2060.7701,2062.3418,1.5717
11-sync-direct,2,sync-direct,3.0,ai,7,200,True,3006.8302,3009.3391,2.509
11-sync-direct,2,sync-direct,3.0,normal,35,200,,2133.8456,2134.9328,1.0872
11-sync-direct,2,sync-direct,3.0,normal,36,200,,2084.5396,2085.7525,1.213
11-sync-direct,2,sync-direct,3.0,normal,37,200,,2035.0916,2035.944,0.8524
11-sync-direct,2,sync-direct,3.0,ai,8,200,True,5014.3787,5015.485,1.1063
11-sync-direct,2,sync-direct,3.0,normal,38,200,,4115.1644,4116.5167,1.3523
11-sync-direct,2,sync-direct,3.0,normal,39,200,,4066.773,4066.85,0.077
11-sync-direct,2,sync-direct,3.0,normal,40,200,,4016.5858,4017.2012,0.6155
11-sync-direct,2,sync-direct,3.0,ai,9,200,True,5016.8645,5017.5697,0.7052
11-sync-direct,2,sync-direct,3.0,normal,41,200,,4092.6221,4093.4397,0.8177
11-sync-direct,2,sync-direct,3.0,normal,42,200,,4041.9367,4043.7937,1.857
11-sync-direct,2,sync-direct,3.0,ai,10,200,True,5016.9346,5017.4876,0.553
11-sync-direct,2,sync-direct,3.0,normal,43,200,,4115.7788,4117.9966,2.2178
11-sync-direct,2,sync-direct,3.0,normal,44,200,,4067.4443,4068.3737,0.9294
11-sync-direct,2,sync-direct,3.0,ai,11,200,True,5013.0287,5015.8007,2.7721
11-sync-direct,2,sync-direct,3.0,normal,45,200,,4138.9816,4141.878,2.8964
11-sync-direct,2,sync-direct,3.0,normal,46,200,,4091.5371,4092.2792,0.7421
11-sync-direct,2,sync-direct,3.0,normal,47,200,,4041.662,4042.6098,0.9478
11-sync-direct,2,sync-direct,3.0,ai,12,200,True,5012.8868,5015.208,2.3213
11-sync-direct,2,sync-direct,3.0,normal,48,200,,4114.7898,4115.9492,1.1594
11-sync-direct,2,sync-direct,3.0,normal,49,200,,4065.1495,4066.4045,1.255
11-sync-direct,2,sync-direct,3.0,ai,13,200,True,5015.1516,5018.2377,3.0861
11-sync-direct,2,sync-direct,3.0,normal,50,200,,4142.0215,4144.7107,2.6891
11-sync-direct,2,sync-direct,3.0,normal,51,200,,4093.5317,4095.0406,1.5089
11-sync-direct,2,sync-direct,3.0,normal,52,200,,4044.6334,4045.3823,0.7489
11-sync-direct,2,sync-direct,3.0,ai,14,200,True,5015.0625,5015.4653,0.4028
11-sync-direct,2,sync-direct,3.0,normal,53,200,,4114.6744,4116.1987,1.5243
11-sync-direct,2,sync-direct,3.0,normal,54,200,,4066.0445,4066.6252,0.5808
11-sync-direct,2,sync-direct,3.0,ai,15,200,True,5013.2011,5014.1209,0.9197
11-sync-direct,2,sync-direct,3.0,normal,55,200,,4136.4757,4140.2464,3.7707
11-sync-direct,2,sync-direct,3.0,normal,56,200,,4089.5609,4090.6189,1.058
11-sync-direct,2,sync-direct,3.0,normal,57,200,,4039.757,4040.9736,1.2166
11-sync-direct,2,sync-direct,3.0,ai,16,200,True,7021.621,7022.9821,1.3611
11-sync-direct,2,sync-direct,3.0,normal,58,200,,6124.5474,6125.4042,0.8568
11-sync-direct,2,sync-direct,3.0,normal,59,200,,6075.6532,6076.9448,1.2916
11-sync-direct,2,sync-direct,3.0,normal,60,200,,6027.617,6028.3591,0.7421
11-sync-direct,2,sync-direct,3.0,ai,17,200,True,7022.9136,7023.857,0.9434
11-sync-direct,2,sync-direct,3.0,normal,61,200,,6101.3552,6102.2148,0.8596
11-sync-direct,2,sync-direct,3.0,normal,62,200,,6052.2362,6053.3806,1.1444
11-sync-direct,2,sync-direct,3.0,ai,18,200,True,7022.2885,7023.4845,1.196
11-sync-direct,2,sync-direct,3.0,normal,63,200,,6124.8499,6125.7169,0.867
11-sync-direct,2,sync-direct,3.0,normal,64,200,,6075.885,6076.8088,0.9237
11-sync-direct,2,sync-direct,3.0,normal,65,200,,6025.3998,6027.8998,2.5
11-sync-direct,2,sync-direct,3.0,ai,19,200,True,7025.2125,7025.9397,0.7272
11-sync-direct,2,sync-direct,3.0,normal,66,200,,6101.1944,6102.489,1.2947
11-sync-direct,2,sync-direct,3.0,normal,67,200,,6053.7636,6054.1341,0.3705
11-sync-direct,2,sync-direct,3.0,ai,20,200,True,7022.1539,7023.7848,1.6309
11-sync-direct,2,sync-direct,3.0,normal,68,200,,6126.4476,6126.9848,0.5372
11-sync-direct,2,sync-direct,3.0,normal,69,200,,6077.1656,6078.3207,1.1551
11-sync-direct,2,sync-direct,3.0,ai,21,200,True,7025.288,7026.8557,1.5677
11-sync-direct,2,sync-direct,3.0,normal,70,200,,6150.375,6155.0107,4.6356
11-sync-direct,2,sync-direct,3.0,normal,71,200,,6105.205,6106.2802,1.0752
11-sync-direct,2,sync-direct,3.0,normal,72,200,,6057.676,6057.9384,0.2624
11-sync-direct,2,sync-direct,3.0,ai,22,200,True,7020.1521,7022.7846,2.6325
11-sync-direct,2,sync-direct,3.0,normal,73,200,,6124.4682,6125.5637,1.0954
11-sync-direct,2,sync-direct,3.0,normal,74,200,,6076.2004,6077.14,0.9396
11-sync-direct,2,sync-direct,3.0,normal,75,200,,6026.3006,6028.8374,2.5368
11-sync-direct,2,sync-direct,3.0,ai,23,200,True,7021.2387,7022.0941,0.8553
11-sync-direct,2,sync-direct,3.0,normal,76,200,,6093.5714,6100.3638,6.7924
11-sync-direct,2,sync-direct,3.0,normal,77,200,,6051.4479,6052.0821,0.6342
11-sync-direct,2,sync-direct,3.0,normal,79,200,,8084.3363,8084.7813,0.445
11-sync-direct,2,sync-direct,3.0,normal,80,200,,8035.1512,8036.1526,1.0014
11-sync-direct,2,sync-direct,3.0,ai,24,200,True,9034.976,9036.5334,1.5573
11-sync-direct,2,sync-direct,3.0,normal,78,200,,8136.488,8137.2551,0.7671
11-sync-direct,2,sync-direct,3.0,ai,25,200,True,9030.4193,9031.2302,0.8109
11-sync-direct,2,sync-direct,3.0,normal,81,200,,8107.5784,8108.1562,0.5778
11-sync-direct,2,sync-direct,3.0,normal,82,200,,8056.5383,8059.1035,2.5652
11-sync-direct,2,sync-direct,3.0,ai,26,200,True,9028.2769,9031.6464,3.3695
11-sync-direct,2,sync-direct,3.0,normal,83,200,,8133.8559,8134.7548,0.8989
11-sync-direct,2,sync-direct,3.0,normal,84,200,,8085.8246,8086.594,0.7694
11-sync-direct,2,sync-direct,3.0,normal,85,200,,8035.1935,8037.6785,2.485
11-sync-direct,2,sync-direct,3.0,ai,27,200,True,9030.141,9032.5707,2.4297
11-sync-direct,2,sync-direct,3.0,normal,86,200,,8108.9064,8110.3015,1.3951
11-sync-direct,2,sync-direct,3.0,normal,87,200,,8059.035,8061.3099,2.2748
11-sync-direct,2,sync-direct,3.0,ai,28,200,True,9028.2227,9030.7079,2.4852
11-sync-direct,2,sync-direct,3.0,normal,88,200,,8130.4046,8132.3506,1.946
11-sync-direct,2,sync-direct,3.0,normal,89,200,,8082.8953,8083.9834,1.0881
11-sync-direct,2,sync-direct,3.0,normal,90,200,,8032.833,8035.5252,2.6922
11-sync-direct,2,sync-direct,3.0,ai,29,200,True,9036.58,9039.6165,3.0365
11-sync-direct,2,sync-direct,3.0,normal,91,200,,8114.6121,8116.5172,1.9051
11-sync-direct,2,sync-direct,3.0,normal,92,200,,8066.9204,8068.1057,1.1853
11-sync-direct,2,sync-direct,3.0,ai,30,200,True,9028.2578,9031.9828,3.725
11-sync-direct,2,sync-direct,3.0,normal,93,200,,8133.5981,8134.2856,0.6875
11-sync-direct,2,sync-direct,3.0,normal,94,200,,8084.9948,8086.624,1.6292
11-sync-direct,2,sync-direct,3.0,normal,95,200,,8035.2115,8037.8142,2.6027
11-sync-direct,2,sync-direct,3.0,ai,31,200,True,9029.756,9030.4789,0.7229
11-sync-direct,2,sync-direct,3.0,normal,96,200,,8106.0481,8108.132,2.0839
11-sync-direct,2,sync-direct,3.0,normal,97,200,,8059.2225,8060.241,1.0185
11-sync-direct,2,sync-direct,3.0,normal,99,200,,10093.3562,10094.0941,0.7379
11-sync-direct,2,sync-direct,3.0,ai,32,200,True,11040.5625,11044.6524,4.0899
11-sync-direct,2,sync-direct,3.0,normal,98,200,,10143.4556,10145.5603,2.1047
11-sync-direct,2,sync-direct,3.0,ai,33,200,True,11036.8182,11039.4025,2.5843
11-sync-direct,2,sync-direct,3.0,ai,34,200,True,11035.6435,11039.1568,3.5133
11-sync-direct,2,sync-direct,3.0,ai,35,200,True,11039.6361,11039.9174,0.2813
11-sync-direct,2,sync-direct,3.0,ai,36,200,True,11034.2499,11038.1868,3.937
11-sync-direct,2,sync-direct,3.0,ai,37,200,True,11039.4837,11043.9402,4.4566
11-sync-direct,2,sync-direct,3.0,ai,38,200,True,11036.6895,11040.5271,3.8376
11-sync-direct,2,sync-direct,3.0,ai,39,200,True,11035.9188,11038.2951,2.3763
